Date_d'observation,SLEV(m)
1/1/2025 0:00,0.541
1/1/2025 1:00,0.536
1/1/2025 2:00,0.548
1/1/2025 3:00,0.551
1/1/2025 4:00,0.558
1/1/2025 5:00,0.567
1/1/2025 6:00,0.584
1/1/2025 7:00,0.587
1/1/2025 8:00,0.591
1/1/2025 9:00,0.639
1/1/2025 10:00,0.659
1/1/2025 11:00,0.673
1/1/2025 12:00,0.69
1/1/2025 13:00,0.686
1/1/2025 14:00,0.709
1/1/2025 15:00,0.718
1/1/2025 16:00,0.735
1/1/2025 17:00,0.727
1/1/2025 18:00,0.735
1/1/2025 19:00,0.743
1/1/2025 20:00,0.737
1/1/2025 21:00,0.745
1/1/2025 22:00,0.75
1/1/2025 23:00,0.749
1/2/2025 0:00,0.74
1/2/2025 1:00,0.75
1/2/2025 2:00,0.745
1/2/2025 3:00,0.755
1/2/2025 4:00,0.767
1/2/2025 5:00,0.733
1/2/2025 6:00,0.743
1/2/2025 7:00,0.756
1/2/2025 8:00,0.751
1/2/2025 9:00,0.778
1/2/2025 10:00,0.814
1/2/2025 11:00,0.823
1/2/2025 12:00,0.831
1/2/2025 13:00,0.823
1/2/2025 14:00,0.826
1/2/2025 15:00,0.844
1/2/2025 16:00,0.828
1/2/2025 17:00,0.832
1/2/2025 18:00,0.819
1/2/2025 19:00,0.825
1/2/2025 20:00,0.813
1/2/2025 21:00,0.808
1/2/2025 22:00,0.82
1/2/2025 23:00,0.81
1/3/2025 0:00,0.813
1/3/2025 1:00,0.795
1/3/2025 2:00,0.787
1/3/2025 3:00,0.789
1/3/2025 4:00,0.779
1/3/2025 5:00,0.797
1/3/2025 6:00,0.785
1/3/2025 7:00,0.774
1/3/2025 8:00,0.778
1/3/2025 9:00,0.775
1/3/2025 10:00,0.776
1/3/2025 11:00,0.748
1/3/2025 12:00,0.76
1/3/2025 13:00,0.759
1/3/2025 14:00,0.761
1/3/2025 15:00,0.757
1/3/2025 16:00,0.764
1/3/2025 17:00,0.75
1/3/2025 18:00,0.748
1/3/2025 19:00,0.736
1/3/2025 20:00,0.751
1/3/2025 21:00,0.728
1/3/2025 22:00,0.729
1/3/2025 23:00,0.726
1/4/2025 0:00,0.717
1/4/2025 1:00,0.698
1/4/2025 2:00,0.717
1/4/2025 3:00,0.711
1/4/2025 4:00,0.692
1/4/2025 5:00,0.701
1/4/2025 6:00,0.691
1/4/2025 7:00,0.698
1/4/2025 8:00,0.682
1/4/2025 9:00,0.684
1/4/2025 10:00,0.679
1/4/2025 11:00,0.686
1/4/2025 12:00,0.698
1/4/2025 13:00,0.697
1/4/2025 14:00,0.699
1/4/2025 15:00,0.699
1/4/2025 16:00,0.701
1/4/2025 17:00,0.704
1/4/2025 18:00,0.703
1/4/2025 19:00,0.628
1/4/2025 20:00,0.682
1/4/2025 21:00,0.727
1/4/2025 22:00,0.719
1/4/2025 23:00,0.712
1/5/2025 0:00,0.705
1/5/2025 1:00,0.704
1/5/2025 2:00,0.709
1/5/2025 3:00,0.706
1/5/2025 4:00,0.709
1/5/2025 5:00,0.724
1/5/2025 6:00,0.718
1/5/2025 7:00,0.724
1/5/2025 8:00,0.717
1/5/2025 9:00,0.722
1/5/2025 10:00,0.726
1/5/2025 11:00,0.728
1/5/2025 12:00,0.74
1/5/2025 13:00,0.753
1/5/2025 14:00,0.766
1/5/2025 15:00,0.786
1/5/2025 16:00,0.78
1/5/2025 17:00,0.785
1/5/2025 18:00,0.786
1/5/2025 19:00,0.789
1/5/2025 20:00,0.802
1/5/2025 21:00,0.808
1/5/2025 22:00,0.81
1/5/2025 23:00,0.795
1/6/2025 0:00,0.797
1/6/2025 1:00,0.804
1/6/2025 2:00,0.796
1/6/2025 3:00,0.801
1/6/2025 4:00,0.811
1/6/2025 5:00,0.816
1/6/2025 6:00,0.804
1/6/2025 7:00,0.805
1/6/2025 8:00,0.804
1/6/2025 9:00,0.792
1/6/2025 10:00,0.785
1/6/2025 11:00,0.779
1/6/2025 12:00,0.782
1/6/2025 13:00,0.773
1/6/2025 14:00,0.771
1/6/2025 15:00,0.779
1/6/2025 16:00,0.777
1/6/2025 17:00,0.778
1/6/2025 18:00,0.782
1/6/2025 19:00,0.768
1/6/2025 20:00,0.762
1/6/2025 21:00,0.765
1/6/2025 22:00,0.757
1/6/2025 23:00,0.756
1/7/2025 0:00,0.755
1/7/2025 1:00,0.747
1/7/2025 2:00,0.743
1/7/2025 3:00,0.733
1/7/2025 4:00,0.724
1/7/2025 5:00,0.726
1/7/2025 6:00,0.72
1/7/2025 7:00,0.728
1/7/2025 8:00,0.729
1/7/2025 9:00,0.738
1/7/2025 10:00,0.741
1/7/2025 11:00,0.749
1/7/2025 12:00,0.753
1/7/2025 13:00,0.742
1/7/2025 14:00,0.727
1/7/2025 15:00,0.73
1/7/2025 16:00,0.723
1/7/2025 17:00,0.72
1/7/2025 18:00,0.738
1/7/2025 19:00,0.749
1/7/2025 20:00,0.746
1/7/2025 21:00,0.771
1/7/2025 22:00,0.802
1/7/2025 23:00,0.784
1/8/2025 0:00,0.788
1/8/2025 1:00,0.784
1/8/2025 2:00,0.795
1/8/2025 3:00,0.793
1/8/2025 4:00,0.786
1/8/2025 5:00,0.789
1/8/2025 6:00,0.787
1/8/2025 7:00,0.793
1/8/2025 8:00,0.799
1/8/2025 9:00,0.793
1/8/2025 10:00,0.784
1/8/2025 11:00,0.778
1/8/2025 12:00,0.771
1/8/2025 13:00,0.769
1/8/2025 14:00,0.762
1/8/2025 15:00,0.748
1/8/2025 16:00,0.752
1/8/2025 17:00,0.726
1/8/2025 18:00,0.729
1/8/2025 19:00,0.724
1/8/2025 20:00,0.732
1/8/2025 21:00,0.731
1/8/2025 22:00,0.721
1/8/2025 23:00,0.717
1/9/2025 0:00,0.699
1/9/2025 1:00,0.708
1/9/2025 2:00,0.687
1/9/2025 3:00,0.692
1/9/2025 4:00,0.685
1/9/2025 5:00,0.686
1/9/2025 6:00,0.681
1/9/2025 7:00,0.686
1/9/2025 8:00,0.673
1/9/2025 9:00,0.668
1/9/2025 10:00,0.673
1/9/2025 11:00,0.678
1/9/2025 12:00,0.669
1/9/2025 13:00,0.662
1/9/2025 14:00,0.65
1/9/2025 15:00,0.638
1/9/2025 16:00,0.63
1/9/2025 17:00,0.631
1/9/2025 18:00,0.63
1/9/2025 19:00,0.633
1/9/2025 20:00,0.609
1/9/2025 21:00,0.594
1/9/2025 22:00,0.563
1/9/2025 23:00,0.53
1/10/2025 0:00,0.511
1/10/2025 1:00,0.474
1/10/2025 2:00,0.441
1/10/2025 3:00,0.408
1/10/2025 4:00,0.388
1/10/2025 5:00,0.38
1/10/2025 6:00,0.346
1/10/2025 7:00,0.342
1/10/2025 8:00,0.33
1/10/2025 9:00,0.321
1/10/2025 10:00,0.312
1/10/2025 11:00,0.305
1/10/2025 12:00,0.3
1/10/2025 13:00,0.294
1/10/2025 14:00,0.291
1/10/2025 15:00,0.292
1/10/2025 16:00,0.28
1/10/2025 17:00,0.32
1/10/2025 18:00,0.297
1/10/2025 19:00,0.309
1/10/2025 20:00,0.311
1/10/2025 21:00,0.323
1/10/2025 22:00,0.322
1/10/2025 23:00,0.31
1/11/2025 0:00,0.307
1/11/2025 1:00,0.303
1/11/2025 2:00,0.297
1/11/2025 3:00,0.296
1/11/2025 4:00,0.296
1/11/2025 5:00,0.293
1/11/2025 6:00,0.295
1/11/2025 7:00,0.306
1/11/2025 8:00,0.31
1/11/2025 9:00,0.326
1/11/2025 10:00,0.326
1/11/2025 11:00,0.343
1/11/2025 12:00,0.358
1/11/2025 13:00,0.373
1/11/2025 14:00,0.384
1/11/2025 15:00,0.388
1/11/2025 16:00,0.39
1/11/2025 17:00,0.404
1/11/2025 18:00,0.407
1/11/2025 19:00,0.549
1/11/2025 20:00,0.451
1/11/2025 21:00,0.44
1/11/2025 22:00,0.466
1/11/2025 23:00,0.469
1/12/2025 0:00,0.479
1/12/2025 1:00,0.476
1/12/2025 2:00,0.478
1/12/2025 3:00,0.482
1/12/2025 4:00,0.477
1/12/2025 5:00,0.476
1/12/2025 6:00,0.472
1/12/2025 7:00,0.468
1/12/2025 8:00,0.478
1/12/2025 9:00,0.473
1/12/2025 10:00,0.473
1/12/2025 11:00,0.472
1/12/2025 12:00,0.46
1/12/2025 13:00,0.461
1/12/2025 14:00,0.456
1/12/2025 15:00,0.458
1/12/2025 16:00,0.464
1/12/2025 17:00,0.475
1/12/2025 18:00,0.501
1/12/2025 19:00,0.535
1/12/2025 20:00,0.559
1/12/2025 21:00,0.584
1/12/2025 22:00,0.594
1/12/2025 23:00,0.596
1/13/2025 0:00,0.604
1/13/2025 1:00,0.613
1/13/2025 2:00,0.61
1/13/2025 3:00,0.618
1/13/2025 4:00,0.621
1/13/2025 5:00,0.607
1/13/2025 6:00,0.613
1/13/2025 7:00,0.63
1/13/2025 8:00,0.64
1/13/2025 9:00,0.642
1/13/2025 10:00,0.653
1/13/2025 11:00,0.659
1/13/2025 12:00,0.67
1/13/2025 13:00,0.68
1/13/2025 14:00,0.684
1/13/2025 15:00,0.681
1/13/2025 16:00,0.69
1/13/2025 17:00,0.703
1/13/2025 18:00,0.69
1/13/2025 19:00,0.699
1/13/2025 20:00,0.701
1/13/2025 21:00,0.715
1/13/2025 22:00,0.726
1/13/2025 23:00,0.722
1/14/2025 0:00,0.723
1/14/2025 1:00,0.74
1/14/2025 2:00,0.735
1/14/2025 3:00,0.736
1/14/2025 4:00,0.737
1/14/2025 5:00,0.74
1/14/2025 6:00,0.747
1/14/2025 7:00,0.729
1/14/2025 8:00,0.737
1/14/2025 9:00,0.738
1/14/2025 10:00,0.742
1/14/2025 11:00,0.731
1/14/2025 12:00,0.746
1/14/2025 13:00,0.739
1/14/2025 14:00,0.733
1/14/2025 15:00,0.738
1/14/2025 16:00,0.73
1/14/2025 17:00,0.724
1/14/2025 18:00,0.737
1/14/2025 19:00,0.74
1/14/2025 20:00,0.748
1/14/2025 21:00,0.743
1/14/2025 22:00,0.754
1/14/2025 23:00,0.752
1/15/2025 0:00,0.759
1/15/2025 1:00,0.767
1/15/2025 2:00,0.773
1/15/2025 3:00,0.767
1/15/2025 4:00,0.781
1/15/2025 5:00,0.787
1/15/2025 6:00,0.795
1/15/2025 7:00,0.782
1/15/2025 8:00,0.777
1/15/2025 9:00,0.771
1/15/2025 10:00,0.772
1/15/2025 11:00,0.761
1/15/2025 12:00,0.761
1/15/2025 13:00,0.756
1/15/2025 14:00,0.748
1/15/2025 15:00,0.742
1/15/2025 16:00,0.743
1/15/2025 17:00,0.746
1/15/2025 18:00,0.75
1/15/2025 19:00,0.756
1/15/2025 20:00,0.755
1/15/2025 21:00,0.761
1/15/2025 22:00,0.767
1/15/2025 23:00,0.761
1/16/2025 0:00,0.772
1/16/2025 1:00,0.757
1/16/2025 2:00,0.748
1/16/2025 3:00,0.746
1/16/2025 4:00,0.739
1/16/2025 5:00,0.733
1/16/2025 6:00,0.711
1/16/2025 7:00,0.707
1/16/2025 8:00,0.713
1/16/2025 9:00,0.704
1/16/2025 10:00,0.712
1/16/2025 11:00,0.721
1/16/2025 12:00,0.728
1/16/2025 13:00,0.744
1/16/2025 14:00,0.747
1/16/2025 15:00,0.762
1/16/2025 16:00,0.762
1/16/2025 17:00,0.773
1/16/2025 18:00,0.785
1/16/2025 19:00,0.809
1/16/2025 20:00,0.829
1/16/2025 21:00,0.844
1/16/2025 22:00,0.864
1/16/2025 23:00,0.884
1/17/2025 0:00,0.896
1/17/2025 1:00,0.906
1/17/2025 2:00,0.923
1/17/2025 3:00,0.927
1/17/2025 4:00,0.933
1/17/2025 5:00,0.927
1/17/2025 6:00,0.939
1/17/2025 7:00,0.93
1/17/2025 8:00,0.932
1/17/2025 9:00,0.935
1/17/2025 10:00,0.928
1/17/2025 11:00,0.925
1/17/2025 12:00,0.938
1/17/2025 13:00,0.938
1/17/2025 14:00,0.943
1/17/2025 15:00,0.942
1/17/2025 16:00,0.945
1/17/2025 17:00,0.939
1/17/2025 18:00,0.939
1/17/2025 19:00,0.946
1/17/2025 20:00,0.954
1/17/2025 21:00,0.971
1/17/2025 22:00,0.979
1/17/2025 23:00,0.982
1/18/2025 0:00,0.985
1/18/2025 1:00,0.997
1/18/2025 2:00,0.991
1/18/2025 3:00,0.986
1/18/2025 4:00,0.985
1/18/2025 5:00,0.977
1/18/2025 6:00,0.977
1/18/2025 7:00,0.967
1/18/2025 8:00,0.956
1/18/2025 9:00,0.949
1/18/2025 10:00,0.928
1/18/2025 11:00,0.916
1/18/2025 12:00,0.914
1/18/2025 13:00,0.909
1/18/2025 14:00,0.899
1/18/2025 15:00,0.892
1/18/2025 16:00,0.894
1/18/2025 17:00,0.896
1/18/2025 18:00,0.892
1/18/2025 19:00,0.857
1/18/2025 20:00,0.886
1/18/2025 21:00,0.89
1/18/2025 22:00,0.89
1/18/2025 23:00,0.877
1/19/2025 0:00,0.878
1/19/2025 1:00,0.882
1/19/2025 2:00,0.879
1/19/2025 3:00,0.879
1/19/2025 4:00,0.878
1/19/2025 5:00,0.88
1/19/2025 6:00,0.881
1/19/2025 7:00,0.88
1/19/2025 8:00,0.879
1/19/2025 9:00,0.886
1/19/2025 10:00,0.888
1/19/2025 11:00,0.879
1/19/2025 12:00,0.861
1/19/2025 13:00,0.846
1/19/2025 14:00,0.832
1/19/2025 15:00,0.837
1/19/2025 16:00,0.833
1/19/2025 17:00,0.848
1/19/2025 18:00,0.869
1/19/2025 19:00,0.893
1/19/2025 20:00,0.894
1/19/2025 21:00,0.901
1/19/2025 22:00,0.894
1/19/2025 23:00,0.9
1/20/2025 0:00,0.89
1/20/2025 1:00,0.881
1/20/2025 2:00,0.875
1/20/2025 3:00,0.871
1/20/2025 4:00,0.852
1/20/2025 5:00,0.838
1/20/2025 6:00,0.84
1/20/2025 7:00,0.821
1/20/2025 8:00,0.807
1/20/2025 9:00,0.796
1/20/2025 10:00,0.78
1/20/2025 11:00,0.773
1/20/2025 12:00,0.768
1/20/2025 13:00,0.754
1/20/2025 14:00,0.733
1/20/2025 15:00,0.747
1/20/2025 16:00,0.734
1/20/2025 17:00,0.728
1/20/2025 18:00,0.736
1/20/2025 19:00,0.726
1/20/2025 20:00,0.723
1/20/2025 21:00,0.707
1/20/2025 22:00,0.686
1/20/2025 23:00,0.673
1/21/2025 0:00,0.651
1/21/2025 1:00,0.637
1/21/2025 2:00,0.624
1/21/2025 3:00,0.612
1/21/2025 4:00,0.591
1/21/2025 5:00,0.579
1/21/2025 6:00,0.571
1/21/2025 7:00,0.57
1/21/2025 8:00,0.576
1/21/2025 9:00,0.568
1/21/2025 10:00,0.56
1/21/2025 11:00,0.57
1/21/2025 12:00,0.57
1/21/2025 13:00,0.568
1/21/2025 14:00,0.573
1/21/2025 15:00,0.573
1/21/2025 16:00,0.58
1/21/2025 17:00,0.569
1/21/2025 18:00,0.572
1/21/2025 19:00,0.572
1/21/2025 20:00,0.58
1/21/2025 21:00,0.528
1/21/2025 22:00,0.564
1/21/2025 23:00,0.557
1/22/2025 0:00,0.546
1/22/2025 1:00,0.535
1/22/2025 2:00,0.528
1/22/2025 3:00,0.516
1/22/2025 4:00,0.499
1/22/2025 5:00,0.498
1/22/2025 6:00,0.49
1/22/2025 7:00,0.485
1/22/2025 8:00,0.482
1/22/2025 9:00,0.469
1/22/2025 10:00,0.463
1/22/2025 11:00,0.451
1/22/2025 12:00,0.447
1/22/2025 13:00,0.433
1/22/2025 14:00,0.409
1/22/2025 15:00,0.409
1/22/2025 16:00,0.407
1/22/2025 17:00,0.418
1/22/2025 18:00,0.424
1/22/2025 19:00,0.439
1/22/2025 20:00,0.455
1/22/2025 21:00,0.472
1/22/2025 22:00,0.471
1/22/2025 23:00,0.474
1/23/2025 0:00,0.472
1/23/2025 1:00,0.468
1/23/2025 2:00,0.459
1/23/2025 3:00,0.451
1/23/2025 4:00,0.446
1/23/2025 5:00,0.441
1/23/2025 6:00,0.427
1/23/2025 7:00,0.43
1/23/2025 8:00,0.429
1/23/2025 9:00,0.423
1/23/2025 10:00,0.426
1/23/2025 11:00,0.433
1/23/2025 12:00,0.447
1/23/2025 13:00,0.451
1/23/2025 14:00,0.444
1/23/2025 15:00,0.438
1/23/2025 16:00,0.454
1/23/2025 17:00,0.45
1/23/2025 18:00,0.446
1/23/2025 19:00,0.457
1/23/2025 20:00,0.463
1/23/2025 21:00,0.492
1/23/2025 22:00,0.505
1/23/2025 23:00,0.519
1/24/2025 0:00,0.526
1/24/2025 1:00,0.545
1/24/2025 2:00,0.565
1/24/2025 3:00,0.574
1/24/2025 4:00,0.582
1/24/2025 5:00,0.594
1/24/2025 6:00,0.606
1/24/2025 7:00,0.619
1/24/2025 8:00,0.615
1/24/2025 9:00,0.612
1/24/2025 10:00,0.612
1/24/2025 11:00,0.598
1/24/2025 12:00,0.589
1/24/2025 13:00,0.584
1/24/2025 14:00,0.579
1/24/2025 15:00,0.605
1/24/2025 16:00,0.585
1/24/2025 17:00,0.6
1/24/2025 18:00,0.613
1/24/2025 19:00,0.637
1/24/2025 20:00,0.648
1/24/2025 21:00,0.66
1/24/2025 22:00,0.661
1/24/2025 23:00,0.656
1/25/2025 0:00,0.647
1/25/2025 1:00,0.644
1/25/2025 2:00,0.632
1/25/2025 3:00,0.613
1/25/2025 4:00,0.597
1/25/2025 5:00,0.582
1/25/2025 6:00,0.583
1/25/2025 7:00,0.565
1/25/2025 8:00,0.545
1/25/2025 9:00,0.545
1/25/2025 10:00,0.536
1/25/2025 11:00,0.529
1/25/2025 12:00,0.522
1/25/2025 13:00,0.509
1/25/2025 14:00,0.507
1/25/2025 15:00,0.498
1/25/2025 16:00,0.493
1/25/2025 17:00,0.518
1/25/2025 18:00,0.524
1/25/2025 19:00,0.535
1/25/2025 20:00,0.559
1/25/2025 21:00,0.594
1/25/2025 22:00,0.613
1/25/2025 23:00,0.634
1/26/2025 0:00,0.648
1/26/2025 1:00,0.671
1/26/2025 2:00,0.675
1/26/2025 3:00,0.679
1/26/2025 4:00,0.681
1/26/2025 5:00,0.688
1/26/2025 6:00,0.682
1/26/2025 7:00,0.691
1/26/2025 8:00,0.695
1/26/2025 9:00,0.691
1/26/2025 10:00,0.692
1/26/2025 11:00,0.699
1/26/2025 12:00,0.695
1/26/2025 13:00,0.679
1/26/2025 14:00,0.687
1/26/2025 15:00,0.673
1/26/2025 16:00,0.674
1/26/2025 17:00,0.675
1/26/2025 18:00,0.679
1/26/2025 19:00,0.696
1/26/2025 20:00,0.723
1/26/2025 21:00,0.725
1/26/2025 22:00,0.727
1/26/2025 23:00,0.726
1/27/2025 0:00,0.717
1/27/2025 1:00,0.702
1/27/2025 2:00,0.671
1/27/2025 3:00,0.657
1/27/2025 4:00,0.647
1/27/2025 5:00,0.628
1/27/2025 6:00,0.628
1/27/2025 7:00,0.625
1/27/2025 8:00,0.621
1/27/2025 9:00,0.626
1/27/2025 10:00,0.614
1/27/2025 11:00,0.604
1/27/2025 12:00,0.592
1/27/2025 13:00,0.574
1/27/2025 14:00,0.544
1/27/2025 15:00,0.522
1/27/2025 16:00,0.509
1/27/2025 17:00,0.498
1/27/2025 18:00,0.507
1/27/2025 19:00,0.516
1/27/2025 20:00,0.505
1/27/2025 21:00,0.519
1/27/2025 22:00,0.501
1/27/2025 23:00,0.503
1/28/2025 0:00,0.469
1/28/2025 1:00,0.479
1/28/2025 2:00,0.469
1/28/2025 3:00,0.484
1/28/2025 4:00,0.453
1/28/2025 5:00,0.443
1/28/2025 6:00,0.449
1/28/2025 7:00,0.474
1/28/2025 8:00,0.498
1/28/2025 9:00,0.49
1/28/2025 10:00,0.506
1/28/2025 11:00,0.521
1/28/2025 12:00,0.52
1/28/2025 13:00,0.505
1/28/2025 14:00,0.484
1/28/2025 15:00,0.468
1/28/2025 16:00,0.457
1/28/2025 17:00,0.454
1/28/2025 18:00,0.452
1/28/2025 19:00,0.437
1/28/2025 20:00,0.436
1/28/2025 21:00,0.376
1/28/2025 22:00,0.422
1/28/2025 23:00,0.394
1/29/2025 0:00,0.37
1/29/2025 1:00,0.36
1/29/2025 2:00,0.358
1/29/2025 3:00,0.354
1/29/2025 4:00,0.346
1/29/2025 5:00,0.345
1/29/2025 6:00,0.354
1/29/2025 7:00,0.379
1/29/2025 8:00,0.403
1/29/2025 9:00,0.421
1/29/2025 10:00,0.442
1/29/2025 11:00,0.468
1/29/2025 12:00,0.515
1/29/2025 13:00,0.541
1/29/2025 14:00,0.569
1/29/2025 15:00,0.61
1/29/2025 16:00,0.617
1/29/2025 17:00,0.622
1/29/2025 18:00,0.646
1/29/2025 19:00,0.64
1/29/2025 20:00,0.632
1/29/2025 21:00,0.631
1/29/2025 22:00,0.638
1/29/2025 23:00,0.626
1/30/2025 0:00,0.629
1/30/2025 1:00,0.632
1/30/2025 2:00,0.63
1/30/2025 3:00,0.63
1/30/2025 4:00,0.622
1/30/2025 5:00,0.611
1/30/2025 6:00,0.604
1/30/2025 7:00,0.597
1/30/2025 8:00,0.595
1/30/2025 9:00,0.587
1/30/2025 10:00,0.589
1/30/2025 11:00,0.582
1/30/2025 12:00,0.58
1/30/2025 13:00,0.589
1/30/2025 14:00,0.575
1/30/2025 15:00,0.576
1/30/2025 16:00,0.597
1/30/2025 17:00,0.607
1/30/2025 18:00,0.621
1/30/2025 19:00,0.616
1/30/2025 20:00,0.62
1/30/2025 21:00,0.623
1/30/2025 22:00,0.633
1/30/2025 23:00,0.62
1/31/2025 0:00,0.625
1/31/2025 1:00,0.625
1/31/2025 2:00,0.638
1/31/2025 3:00,0.643
1/31/2025 4:00,0.655
1/31/2025 5:00,0.658
1/31/2025 6:00,0.661
1/31/2025 7:00,0.683
1/31/2025 8:00,0.689
1/31/2025 9:00,0.7
1/31/2025 10:00,0.698
1/31/2025 11:00,0.684
1/31/2025 12:00,0.686
1/31/2025 13:00,0.672
1/31/2025 14:00,0.671
1/31/2025 15:00,0.686
1/31/2025 16:00,0.702
1/31/2025 17:00,0.713
1/31/2025 18:00,0.735
1/31/2025 19:00,0.752
1/31/2025 20:00,0.769
1/31/2025 21:00,0.794
1/31/2025 22:00,0.807
1/31/2025 23:00,0.816
2/1/2025 0:00,0.834
2/1/2025 0:00,0.834
2/1/2025 1:00,0.841
2/1/2025 2:00,0.841
2/1/2025 3:00,0.827
2/1/2025 4:00,0.821
2/1/2025 5:00,0.819
2/1/2025 6:00,0.807
2/1/2025 7:00,0.794
2/1/2025 8:00,0.789
2/1/2025 9:00,0.776
2/1/2025 10:00,0.76
2/1/2025 11:00,0.764
2/1/2025 12:00,0.754
2/1/2025 13:00,0.76
2/1/2025 14:00,0.77
2/1/2025 15:00,0.784
2/1/2025 16:00,0.793
2/1/2025 17:00,0.802
2/1/2025 18:00,0.804
2/1/2025 19:00,0.819
2/1/2025 20:00,0.896
2/1/2025 21:00,0.844
2/1/2025 22:00,0.818
2/1/2025 23:00,0.797
2/2/2025 0:00,0.773
2/2/2025 1:00,0.767
2/2/2025 2:00,0.751
2/2/2025 3:00,0.726
2/2/2025 4:00,0.711
2/2/2025 5:00,0.698
2/2/2025 6:00,0.673
2/2/2025 7:00,0.66
2/2/2025 8:00,0.643
2/2/2025 9:00,0.627
2/2/2025 10:00,0.618
2/2/2025 11:00,0.616
2/2/2025 12:00,0.613
2/2/2025 13:00,0.6
2/2/2025 14:00,0.595
2/2/2025 15:00,0.602
2/2/2025 16:00,0.608
2/2/2025 17:00,0.618
2/2/2025 18:00,0.638
2/2/2025 19:00,0.653
2/2/2025 20:00,0.647
2/2/2025 21:00,0.64
2/2/2025 22:00,0.63
2/2/2025 23:00,0.61
2/3/2025 0:00,0.609
2/3/2025 1:00,0.6
2/3/2025 2:00,0.585
2/3/2025 3:00,0.58
2/3/2025 4:00,0.585
2/3/2025 5:00,0.582
2/3/2025 6:00,0.587
2/3/2025 7:00,0.585
2/3/2025 8:00,0.577
2/3/2025 9:00,0.573
2/3/2025 10:00,0.568
2/3/2025 11:00,0.565
2/3/2025 12:00,0.558
2/3/2025 13:00,0.56
2/3/2025 14:00,0.551
2/3/2025 15:00,0.549
2/3/2025 16:00,0.547
2/3/2025 17:00,0.536
2/3/2025 18:00,0.544
2/3/2025 19:00,0.558
2/3/2025 20:00,0.559
2/3/2025 21:00,0.575
2/3/2025 22:00,0.582
2/3/2025 23:00,0.588
2/4/2025 0:00,0.583
2/4/2025 1:00,0.594
2/4/2025 2:00,0.598
2/4/2025 3:00,0.6
2/4/2025 4:00,0.605
2/4/2025 5:00,0.62
2/4/2025 6:00,0.626
2/4/2025 7:00,0.626
2/4/2025 8:00,0.617
2/4/2025 9:00,0.607
2/4/2025 10:00,0.604
2/4/2025 11:00,0.6
2/4/2025 12:00,0.593
2/4/2025 13:00,0.597
2/4/2025 14:00,0.604
2/4/2025 15:00,0.608
2/4/2025 16:00,0.615
2/4/2025 17:00,0.624
2/4/2025 18:00,0.641
2/4/2025 19:00,0.669
2/4/2025 20:00,0.687
2/4/2025 21:00,0.709
2/4/2025 22:00,0.722
2/4/2025 23:00,0.705
2/5/2025 0:00,0.704
2/5/2025 1:00,0.697
2/5/2025 2:00,0.683
2/5/2025 3:00,0.675
2/5/2025 4:00,0.668
2/5/2025 5:00,0.657
2/5/2025 6:00,0.653
2/5/2025 7:00,0.643
2/5/2025 8:00,0.64
2/5/2025 9:00,0.638
2/5/2025 10:00,0.639
2/5/2025 11:00,0.632
2/5/2025 12:00,0.641
2/5/2025 13:00,0.635
2/5/2025 14:00,0.642
2/5/2025 15:00,0.632
2/5/2025 16:00,0.62
2/5/2025 17:00,0.628
2/5/2025 18:00,0.635
2/5/2025 19:00,0.645
2/5/2025 20:00,0.651
2/5/2025 21:00,0.651
2/5/2025 22:00,0.635
2/5/2025 23:00,0.638
2/6/2025 0:00,0.631
2/6/2025 1:00,0.624
2/6/2025 2:00,0.614
2/6/2025 3:00,0.603
2/6/2025 4:00,0.614
2/6/2025 5:00,0.612
2/6/2025 6:00,0.604
2/6/2025 7:00,0.614
2/6/2025 8:00,0.601
2/6/2025 9:00,0.61
2/6/2025 10:00,0.612
2/6/2025 11:00,0.616
2/6/2025 12:00,0.62
2/6/2025 13:00,0.622
2/6/2025 14:00,0.62
2/6/2025 15:00,0.624
2/6/2025 16:00,0.628
2/6/2025 17:00,0.645
2/6/2025 18:00,0.65
2/6/2025 19:00,0.658
2/6/2025 20:00,0.674
2/6/2025 21:00,0.681
2/6/2025 22:00,0.68
2/6/2025 23:00,0.689
2/7/2025 0:00,0.681
2/7/2025 1:00,0.682
2/7/2025 2:00,0.686
2/7/2025 3:00,0.672
2/7/2025 4:00,0.662
2/7/2025 5:00,0.676
2/7/2025 6:00,0.662
2/7/2025 7:00,0.661
2/7/2025 8:00,0.676
2/7/2025 9:00,0.687
2/7/2025 10:00,0.688
2/7/2025 11:00,0.685
2/7/2025 12:00,0.685
2/7/2025 13:00,0.686
2/7/2025 14:00,0.712
2/7/2025 15:00,0.683
2/7/2025 16:00,0.688
2/7/2025 17:00,0.683
2/7/2025 18:00,0.693
2/7/2025 19:00,0.701
2/7/2025 20:00,0.705
2/7/2025 21:00,0.73
2/7/2025 22:00,0.74
2/7/2025 23:00,0.723
2/8/2025 0:00,0.719
2/8/2025 1:00,0.7
2/8/2025 2:00,0.685
2/8/2025 3:00,0.665
2/8/2025 4:00,0.655
2/8/2025 5:00,0.645
2/8/2025 6:00,0.641
2/8/2025 7:00,0.629
2/8/2025 8:00,0.622
2/8/2025 9:00,0.611
2/8/2025 10:00,0.616
2/8/2025 11:00,0.628
2/8/2025 12:00,0.631
2/8/2025 13:00,0.631
2/8/2025 14:00,0.643
2/8/2025 15:00,0.642
2/8/2025 16:00,0.645
2/8/2025 17:00,0.667
2/8/2025 18:00,0.695
2/8/2025 19:00,0.729
2/8/2025 20:00,0.741
2/8/2025 21:00,0.774
2/8/2025 22:00,0.787
2/8/2025 23:00,0.807
2/9/2025 0:00,0.831
2/9/2025 1:00,0.834
2/9/2025 2:00,0.826
2/9/2025 3:00,0.82
2/9/2025 4:00,0.815
2/9/2025 5:00,0.814
2/9/2025 6:00,0.801
2/9/2025 7:00,0.793
2/9/2025 8:00,0.788
2/9/2025 9:00,0.79
2/9/2025 10:00,0.789
2/9/2025 11:00,0.794
2/9/2025 12:00,0.787
2/9/2025 13:00,0.789
2/9/2025 14:00,0.779
2/9/2025 15:00,0.786
2/9/2025 16:00,0.78
2/9/2025 17:00,0.773
2/9/2025 18:00,0.78
2/9/2025 19:00,0.779
2/9/2025 20:00,0.778
2/9/2025 21:00,0.776
2/9/2025 22:00,0.781
2/9/2025 23:00,0.766
2/10/2025 0:00,0.765
2/10/2025 1:00,0.764
2/10/2025 2:00,0.749
2/10/2025 3:00,0.737
2/10/2025 4:00,0.727
2/10/2025 5:00,0.714
2/10/2025 6:00,0.71
2/10/2025 7:00,0.705
2/10/2025 8:00,0.704
2/10/2025 9:00,0.694
2/10/2025 10:00,0.679
2/10/2025 11:00,0.662
2/10/2025 12:00,0.646
2/10/2025 13:00,0.649
2/10/2025 14:00,0.641
2/10/2025 15:00,0.646
2/10/2025 16:00,0.646
2/10/2025 17:00,0.654
2/10/2025 18:00,0.668
2/10/2025 19:00,0.662
2/10/2025 20:00,0.665
2/10/2025 21:00,0.677
2/10/2025 22:00,0.668
2/10/2025 23:00,0.658
2/11/2025 0:00,0.658
2/11/2025 1:00,0.647
2/11/2025 2:00,0.634
2/11/2025 3:00,0.624
2/11/2025 4:00,0.624
2/11/2025 5:00,0.612
2/11/2025 6:00,0.592
2/11/2025 7:00,0.595
2/11/2025 8:00,0.597
2/11/2025 9:00,0.587
2/11/2025 10:00,0.582
2/11/2025 11:00,0.571
2/11/2025 12:00,0.551
2/11/2025 13:00,0.551
2/11/2025 14:00,0.554
2/11/2025 15:00,0.536
2/11/2025 16:00,0.529
2/11/2025 17:00,0.543
2/11/2025 18:00,0.548
2/11/2025 19:00,0.553
2/11/2025 20:00,0.563
2/11/2025 21:00,0.609
2/11/2025 22:00,0.61
2/11/2025 23:00,0.617
2/12/2025 0:00,0.609
2/12/2025 1:00,0.611
2/12/2025 2:00,0.601
2/12/2025 3:00,0.591
2/12/2025 4:00,0.581
2/12/2025 5:00,0.573
2/12/2025 6:00,0.559
2/12/2025 7:00,0.549
2/12/2025 8:00,0.526
2/12/2025 9:00,0.532
2/12/2025 10:00,0.516
2/12/2025 11:00,0.519
2/12/2025 12:00,0.514
2/12/2025 13:00,0.516
2/12/2025 14:00,0.513
2/12/2025 15:00,0.51
2/12/2025 16:00,0.524
2/12/2025 17:00,0.534
2/12/2025 18:00,0.546
2/12/2025 19:00,0.576
2/12/2025 20:00,0.595
2/12/2025 21:00,0.605
2/12/2025 22:00,0.608
2/12/2025 23:00,0.619
2/13/2025 0:00,0.613
2/13/2025 1:00,0.607
2/13/2025 2:00,0.602
2/13/2025 3:00,0.601
2/13/2025 4:00,0.599
2/13/2025 5:00,0.592
2/13/2025 6:00,0.614
2/13/2025 7:00,0.632
2/13/2025 8:00,0.644
2/13/2025 9:00,0.663
2/13/2025 10:00,0.67
2/13/2025 11:00,0.688
2/13/2025 12:00,0.706
2/13/2025 13:00,0.719
2/13/2025 14:00,0.734
2/13/2025 15:00,0.747
2/13/2025 16:00,0.753
2/13/2025 17:00,0.763
2/13/2025 18:00,0.776
2/13/2025 19:00,0.788
2/13/2025 20:00,0.785
2/13/2025 21:00,0.79
2/13/2025 22:00,0.777
2/13/2025 23:00,0.778
2/14/2025 0:00,0.802
2/14/2025 1:00,0.775
2/14/2025 2:00,0.775
2/14/2025 3:00,0.758
2/14/2025 4:00,0.758
2/14/2025 5:00,0.758
2/14/2025 6:00,0.743
2/14/2025 7:00,0.739
2/14/2025 8:00,0.718
2/14/2025 9:00,0.699
2/14/2025 10:00,0.694
2/14/2025 11:00,0.679
2/14/2025 12:00,0.673
2/14/2025 13:00,0.658
2/14/2025 14:00,0.653
2/14/2025 15:00,0.666
2/14/2025 16:00,0.672
2/14/2025 17:00,0.673
2/14/2025 18:00,0.695
2/14/2025 19:00,0.715
2/14/2025 20:00,0.72
2/14/2025 21:00,0.738
2/14/2025 22:00,0.745
2/14/2025 23:00,0.742
2/15/2025 0:00,0.742
2/15/2025 1:00,0.729
2/15/2025 2:00,0.724
2/15/2025 3:00,0.717
2/15/2025 4:00,0.704
2/15/2025 5:00,0.697
2/15/2025 6:00,0.68
2/15/2025 7:00,0.677
2/15/2025 8:00,0.66
2/15/2025 9:00,0.655
2/15/2025 10:00,0.646
2/15/2025 11:00,0.64
2/15/2025 12:00,0.642
2/15/2025 13:00,0.629
2/15/2025 14:00,0.617
2/15/2025 15:00,0.621
2/15/2025 16:00,0.622
2/15/2025 17:00,0.633
2/15/2025 18:00,0.652
2/15/2025 19:00,0.581
2/15/2025 20:00,0.645
2/15/2025 21:00,0.676
2/15/2025 22:00,0.675
2/15/2025 23:00,0.668
2/16/2025 0:00,0.652
2/16/2025 1:00,0.654
2/16/2025 2:00,0.666
2/16/2025 3:00,0.675
2/16/2025 4:00,0.672
2/16/2025 5:00,0.673
2/16/2025 6:00,0.682
2/16/2025 7:00,0.686
2/16/2025 8:00,0.689
2/16/2025 9:00,0.696
2/16/2025 10:00,0.708
2/16/2025 11:00,0.711
2/16/2025 12:00,0.727
2/16/2025 13:00,0.738
2/16/2025 14:00,0.758
2/16/2025 15:00,0.773
2/16/2025 16:00,0.8
2/16/2025 17:00,0.829
2/16/2025 18:00,0.87
2/16/2025 19:00,0.903
2/16/2025 20:00,0.938
2/16/2025 21:00,0.976
2/16/2025 22:00,0.99
2/16/2025 23:00,1.015
2/17/2025 0:00,1.014
2/17/2025 1:00,1.027
2/17/2025 2:00,1.036
2/17/2025 3:00,1.023
2/17/2025 4:00,1.014
2/17/2025 5:00,0.991
2/17/2025 6:00,0.983
2/17/2025 7:00,0.96
2/17/2025 8:00,0.956
2/17/2025 9:00,0.931
2/17/2025 10:00,0.914
2/17/2025 11:00,0.907
2/17/2025 12:00,0.892
2/17/2025 13:00,0.882
2/17/2025 14:00,0.871
2/17/2025 15:00,0.871
2/17/2025 16:00,0.88
2/17/2025 17:00,0.871
2/17/2025 18:00,0.87
2/17/2025 19:00,0.882
2/17/2025 20:00,0.875
2/17/2025 21:00,0.858
2/17/2025 22:00,0.874
2/17/2025 23:00,0.863
2/18/2025 0:00,0.843
2/18/2025 1:00,0.835
2/18/2025 2:00,0.813
2/18/2025 3:00,0.796
2/18/2025 4:00,0.79
2/18/2025 5:00,0.776
2/18/2025 6:00,0.761
2/18/2025 7:00,0.744
2/18/2025 8:00,0.735
2/18/2025 9:00,0.722
2/18/2025 10:00,0.717
2/18/2025 11:00,0.69
2/18/2025 12:00,0.674
2/18/2025 13:00,0.656
2/18/2025 14:00,0.637
2/18/2025 15:00,0.625
2/18/2025 16:00,0.616
2/18/2025 17:00,0.603
2/18/2025 18:00,0.605
2/18/2025 19:00,0.604
2/18/2025 20:00,0.591
2/18/2025 21:00,0.6
2/18/2025 22:00,0.594
2/18/2025 23:00,0.578
2/19/2025 0:00,0.579
2/19/2025 1:00,0.582
2/19/2025 2:00,0.576
2/19/2025 3:00,0.567
2/19/2025 4:00,0.559
2/19/2025 5:00,0.568
2/19/2025 6:00,0.572
2/19/2025 7:00,0.567
2/19/2025 8:00,0.562
2/19/2025 9:00,0.55
2/19/2025 10:00,0.535
2/19/2025 11:00,0.522
2/19/2025 12:00,0.499
2/19/2025 13:00,0.49
2/19/2025 14:00,0.469
2/19/2025 15:00,0.465
2/19/2025 16:00,0.461
2/19/2025 17:00,0.463
2/19/2025 18:00,0.483
2/19/2025 19:00,0.496
2/19/2025 20:00,0.502
2/19/2025 21:00,0.519
2/19/2025 22:00,0.533
2/19/2025 23:00,0.538
2/20/2025 0:00,0.528
2/20/2025 1:00,0.521
2/20/2025 2:00,0.515
2/20/2025 3:00,0.494
2/20/2025 4:00,0.479
2/20/2025 5:00,0.466
2/20/2025 6:00,0.45
2/20/2025 7:00,0.435
2/20/2025 8:00,0.425
2/20/2025 9:00,0.415
2/20/2025 10:00,0.395
2/20/2025 11:00,0.381
2/20/2025 12:00,0.379
2/20/2025 13:00,0.37
2/20/2025 14:00,0.361
2/20/2025 15:00,0.357
2/20/2025 16:00,0.367
2/20/2025 17:00,0.387
2/20/2025 18:00,0.406
2/20/2025 19:00,0.429
2/20/2025 20:00,0.448
2/20/2025 21:00,0.471
2/20/2025 22:00,0.495
2/20/2025 23:00,0.521
2/21/2025 0:00,0.546
2/21/2025 1:00,0.568
2/21/2025 2:00,0.578
2/21/2025 3:00,0.589
2/21/2025 4:00,0.594
2/21/2025 5:00,0.6
2/21/2025 6:00,0.6
2/21/2025 7:00,0.607
2/21/2025 8:00,0.61
2/21/2025 9:00,0.604
2/21/2025 10:00,0.606
2/21/2025 11:00,0.589
2/21/2025 12:00,0.575
2/21/2025 13:00,0.559
2/21/2025 14:00,0.55
2/21/2025 15:00,0.534
2/21/2025 16:00,0.532
2/21/2025 17:00,0.524
2/21/2025 18:00,0.514
2/21/2025 19:00,0.502
2/21/2025 20:00,0.487
2/21/2025 21:00,0.489
2/21/2025 22:00,0.495
2/21/2025 23:00,0.489
2/22/2025 0:00,0.473
2/22/2025 1:00,0.467
2/22/2025 2:00,0.455
2/22/2025 3:00,0.442
2/22/2025 4:00,0.429
2/22/2025 5:00,0.412
2/22/2025 6:00,0.405
2/22/2025 7:00,0.389
2/22/2025 8:00,0.384
2/22/2025 9:00,0.373
2/22/2025 10:00,0.357
2/22/2025 11:00,0.342
2/22/2025 12:00,0.33
2/22/2025 13:00,0.322
2/22/2025 14:00,0.314
2/22/2025 15:00,0.318
2/22/2025 16:00,0.325
2/22/2025 17:00,0.343
2/22/2025 18:00,0.366
2/22/2025 19:00,0.278
2/22/2025 20:00,0.396
2/22/2025 21:00,0.406
2/22/2025 22:00,0.422
2/22/2025 23:00,0.442
2/23/2025 0:00,0.457
2/23/2025 1:00,0.465
2/23/2025 2:00,0.475
2/23/2025 3:00,0.489
2/23/2025 4:00,0.494
2/23/2025 5:00,0.501
2/23/2025 6:00,0.507
2/23/2025 7:00,0.509
2/23/2025 8:00,0.512
2/23/2025 9:00,0.521
2/23/2025 10:00,0.52
2/23/2025 11:00,0.522
2/23/2025 12:00,0.523
2/23/2025 13:00,0.526
2/23/2025 14:00,0.529
2/23/2025 15:00,0.526
2/23/2025 16:00,0.529
2/23/2025 17:00,0.527
2/23/2025 18:00,0.524
2/23/2025 19:00,0.527
2/23/2025 20:00,0.541
2/23/2025 21:00,0.543
2/23/2025 22:00,0.551
2/23/2025 23:00,0.571
2/24/2025 0:00,0.569
2/24/2025 1:00,0.592
2/24/2025 2:00,0.599
2/24/2025 3:00,0.579
2/24/2025 4:00,0.58
2/24/2025 5:00,0.586
2/24/2025 6:00,0.581
2/24/2025 7:00,0.569
2/24/2025 8:00,0.568
2/24/2025 9:00,0.566
2/24/2025 10:00,0.567
2/24/2025 11:00,0.566
2/24/2025 12:00,0.565
2/24/2025 13:00,0.565
2/24/2025 14:00,0.559
2/24/2025 15:00,0.569
2/24/2025 16:00,0.574
2/24/2025 17:00,0.574
2/24/2025 18:00,0.539
2/24/2025 19:00,0.55
2/24/2025 20:00,0.558
2/24/2025 21:00,0.55
2/24/2025 22:00,0.546
2/24/2025 23:00,0.556
2/25/2025 0:00,0.562
2/25/2025 1:00,0.542
2/25/2025 2:00,0.536
2/25/2025 3:00,0.542
2/25/2025 4:00,0.529
2/25/2025 5:00,0.521
2/25/2025 6:00,0.527
2/25/2025 7:00,0.527
2/25/2025 8:00,0.543
2/25/2025 9:00,0.541
2/25/2025 10:00,0.556
2/25/2025 11:00,0.559
2/25/2025 12:00,0.561
2/25/2025 13:00,0.56
2/25/2025 14:00,0.568
2/25/2025 15:00,0.568
2/25/2025 16:00,0.571
2/25/2025 17:00,0.579
2/25/2025 18:00,0.58
2/25/2025 19:00,0.586
2/25/2025 20:00,0.581
2/25/2025 21:00,0.623
2/25/2025 22:00,0.588
2/25/2025 23:00,0.582
2/26/2025 0:00,0.59
2/26/2025 1:00,0.578
2/26/2025 2:00,0.591
2/26/2025 3:00,0.579
2/26/2025 4:00,0.58
2/26/2025 5:00,0.565
2/26/2025 6:00,0.571
2/26/2025 7:00,0.576
2/26/2025 8:00,0.567
2/26/2025 9:00,0.566
2/26/2025 10:00,0.569
2/26/2025 11:00,0.577
2/26/2025 12:00,0.58
2/26/2025 13:00,0.59
2/26/2025 14:00,0.587
2/26/2025 15:00,0.603
2/26/2025 16:00,0.595
2/26/2025 17:00,0.601
2/26/2025 18:00,0.588
2/26/2025 19:00,0.59
2/26/2025 20:00,0.603
2/26/2025 21:00,0.585
2/26/2025 22:00,0.579
2/26/2025 23:00,0.58
2/27/2025 0:00,0.583
2/27/2025 1:00,0.571
2/27/2025 2:00,0.57
2/27/2025 3:00,0.572
2/27/2025 4:00,0.571
2/27/2025 5:00,0.56
2/27/2025 6:00,0.548
2/27/2025 7:00,0.535
2/27/2025 8:00,0.528
2/27/2025 9:00,0.526
2/27/2025 10:00,0.53
2/27/2025 11:00,0.521
2/27/2025 12:00,0.516
2/27/2025 13:00,0.53
2/27/2025 14:00,0.527
2/27/2025 15:00,0.525
2/27/2025 16:00,0.545
2/27/2025 17:00,0.559
2/27/2025 18:00,0.57
2/27/2025 19:00,0.585
2/27/2025 20:00,0.594
2/27/2025 21:00,0.603
2/27/2025 22:00,0.607
2/27/2025 23:00,0.62
2/28/2025 0:00,0.623
2/28/2025 1:00,0.626
2/28/2025 2:00,0.623
2/28/2025 3:00,0.625
2/28/2025 4:00,0.621
2/28/2025 5:00,0.6
2/28/2025 6:00,0.598
2/28/2025 7:00,0.605
2/28/2025 8:00,0.602
2/28/2025 9:00,0.62
2/28/2025 10:00,0.627
2/28/2025 11:00,0.656
2/28/2025 12:00,0.627
2/28/2025 13:00,0.621
2/28/2025 14:00,0.619
2/28/2025 15:00,0.619
2/28/2025 16:00,0.629
2/28/2025 17:00,0.631
2/28/2025 18:00,0.617
2/28/2025 19:00,0.631
2/28/2025 20:00,0.624
2/28/2025 21:00,0.639
2/28/2025 22:00,0.649
2/28/2025 23:00,0.649
3/1/2025 0:00,0.657
3/1/2025 1:00,0.648
3/1/2025 2:00,0.641
3/1/2025 3:00,0.642
3/1/2025 4:00,0.625
3/1/2025 5:00,0.629
3/1/2025 6:00,0.629
3/1/2025 7:00,0.629
3/1/2025 8:00,0.654
3/1/2025 9:00,0.665
3/1/2025 10:00,0.656
3/1/2025 11:00,0.68
3/1/2025 12:00,0.701
3/1/2025 13:00,0.699
3/1/2025 14:00,0.701
3/1/2025 15:00,0.709
3/1/2025 16:00,0.713
3/1/2025 17:00,0.705
3/1/2025 18:00,0.684
3/1/2025 19:00,0.677
3/1/2025 20:00,0.494
3/1/2025 21:00,0.68
3/1/2025 22:00,0.683
3/1/2025 23:00,0.682
3/2/2025 0:00,0.695
3/2/2025 1:00,0.688
3/2/2025 2:00,0.703
3/2/2025 3:00,0.703
3/2/2025 4:00,0.71
3/2/2025 5:00,0.721
3/2/2025 6:00,0.715
3/2/2025 7:00,0.7
3/2/2025 8:00,0.686
3/2/2025 9:00,0.672
3/2/2025 10:00,0.677
3/2/2025 11:00,0.661
3/2/2025 12:00,0.645
3/2/2025 13:00,0.647
3/2/2025 14:00,0.649
3/2/2025 15:00,0.638
3/2/2025 16:00,0.638
3/2/2025 17:00,0.637
3/2/2025 18:00,0.64
3/2/2025 19:00,0.632
3/2/2025 20:00,0.63
3/2/2025 21:00,0.634
3/2/2025 22:00,0.627
3/2/2025 23:00,0.631
3/3/2025 0:00,0.618
3/3/2025 1:00,0.628
3/3/2025 2:00,0.621
3/3/2025 3:00,0.617
3/3/2025 4:00,0.617
3/3/2025 5:00,0.604
3/3/2025 6:00,0.593
3/3/2025 7:00,0.581
3/3/2025 8:00,0.577
3/3/2025 9:00,0.562
3/3/2025 10:00,0.563
3/3/2025 11:00,0.57
3/3/2025 12:00,0.565
3/3/2025 13:00,0.561
3/3/2025 14:00,0.564
3/3/2025 15:00,0.572
3/3/2025 16:00,0.589
3/3/2025 17:00,0.609
3/3/2025 18:00,0.615
3/3/2025 19:00,0.659
3/3/2025 20:00,0.631
3/3/2025 21:00,0.659
3/3/2025 22:00,0.686
3/3/2025 23:00,0.707
3/4/2025 0:00,0.727
3/4/2025 0:00,0.727
3/4/2025 1:00,0.727
3/4/2025 2:00,0.739
3/4/2025 3:00,0.736
3/4/2025 4:00,0.738
3/4/2025 5:00,0.737
3/4/2025 6:00,0.729
3/4/2025 7:00,0.729
3/4/2025 8:00,0.722
3/4/2025 9:00,0.718
3/4/2025 10:00,0.712
3/4/2025 11:00,0.693
3/4/2025 12:00,0.686
3/4/2025 13:00,0.686
3/4/2025 14:00,0.667
3/4/2025 15:00,0.665
3/4/2025 16:00,0.665
3/4/2025 17:00,0.673
3/4/2025 18:00,0.673
3/4/2025 19:00,0.662
3/4/2025 20:00,0.672
3/4/2025 21:00,0.667
3/4/2025 22:00,0.64
3/4/2025 23:00,0.651
3/5/2025 0:00,0.648
3/5/2025 1:00,0.651
3/5/2025 2:00,0.656
3/5/2025 3:00,0.653
3/5/2025 4:00,0.657
3/5/2025 5:00,0.655
3/5/2025 6:00,0.658
3/5/2025 7:00,0.652
3/5/2025 8:00,0.655
3/5/2025 9:00,0.639
3/5/2025 10:00,0.648
3/5/2025 11:00,0.645
3/5/2025 12:00,0.64
3/5/2025 13:00,0.645
3/5/2025 14:00,0.646
3/5/2025 15:00,0.648
3/5/2025 16:00,0.638
3/5/2025 17:00,0.642
3/5/2025 18:00,0.645
3/5/2025 19:00,0.64
3/5/2025 20:00,0.644
3/5/2025 21:00,0.637
3/5/2025 22:00,0.637
3/5/2025 23:00,0.64
3/6/2025 0:00,0.652
3/6/2025 1:00,0.644
3/6/2025 2:00,0.65
3/6/2025 3:00,0.669
3/6/2025 4:00,0.668
3/6/2025 5:00,0.676
3/6/2025 6:00,0.667
3/6/2025 7:00,0.666
3/6/2025 8:00,0.671
3/6/2025 9:00,0.666
3/6/2025 10:00,0.649
3/6/2025 11:00,0.651
3/6/2025 12:00,0.632
3/6/2025 13:00,0.626
3/6/2025 14:00,0.625
3/6/2025 15:00,0.607
3/6/2025 16:00,0.619
3/6/2025 17:00,0.608
3/6/2025 18:00,0.6
3/6/2025 19:00,0.605
3/6/2025 20:00,0.593
3/6/2025 21:00,0.583
3/6/2025 22:00,0.57
3/6/2025 23:00,0.555
3/7/2025 0:00,0.568
3/7/2025 1:00,0.559
3/7/2025 2:00,0.565
3/7/2025 3:00,0.558
3/7/2025 4:00,0.576
3/7/2025 5:00,0.578
3/7/2025 6:00,0.588
3/7/2025 7:00,0.585
3/7/2025 8:00,0.597
3/7/2025 9:00,0.601
3/7/2025 10:00,0.603
3/7/2025 11:00,0.602
3/7/2025 12:00,0.602
3/7/2025 13:00,0.603
3/7/2025 14:00,0.592
3/7/2025 15:00,0.603
3/7/2025 16:00,0.598
3/7/2025 17:00,0.58
3/7/2025 18:00,0.59
3/7/2025 19:00,0.595
3/7/2025 20:00,0.601
3/7/2025 21:00,0.613
3/7/2025 22:00,0.611
3/7/2025 23:00,0.602
3/8/2025 0:00,0.593
3/8/2025 1:00,0.585
3/8/2025 2:00,0.583
3/8/2025 3:00,0.579
3/8/2025 4:00,0.565
3/8/2025 5:00,0.547
3/8/2025 6:00,0.535
3/8/2025 7:00,0.53
3/8/2025 8:00,0.51
3/8/2025 9:00,0.49
3/8/2025 10:00,0.475
3/8/2025 11:00,0.47
3/8/2025 12:00,0.479
3/8/2025 13:00,0.465
3/8/2025 14:00,0.477
3/8/2025 15:00,0.494
3/8/2025 16:00,0.508
3/8/2025 17:00,0.517
3/8/2025 18:00,0.539
3/8/2025 19:00,0.419
3/8/2025 20:00,0.623
3/8/2025 21:00,0.613
3/8/2025 22:00,0.626
3/8/2025 23:00,0.628
3/9/2025 0:00,0.663
3/9/2025 1:00,0.677
3/9/2025 2:00,0.667
3/9/2025 3:00,0.677
3/9/2025 4:00,0.66
3/9/2025 5:00,0.662
3/9/2025 6:00,0.647
3/9/2025 7:00,0.651
3/9/2025 8:00,0.649
3/9/2025 9:00,0.626
3/9/2025 10:00,0.617
3/9/2025 11:00,0.607
3/9/2025 12:00,0.61
3/9/2025 13:00,0.615
3/9/2025 14:00,0.616
3/9/2025 15:00,0.611
3/9/2025 16:00,0.629
3/9/2025 17:00,0.671
3/9/2025 18:00,0.699
3/9/2025 19:00,0.722
3/9/2025 20:00,0.74
3/9/2025 21:00,0.731
3/9/2025 22:00,0.743
3/9/2025 23:00,0.751
3/10/2025 0:00,0.768
3/10/2025 1:00,0.764
3/10/2025 2:00,0.768
3/10/2025 3:00,0.76
3/10/2025 4:00,0.774
3/10/2025 5:00,0.777
3/10/2025 6:00,0.77
3/10/2025 7:00,0.768
3/10/2025 8:00,0.767
3/10/2025 9:00,0.759
3/10/2025 10:00,0.765
3/10/2025 11:00,0.77
3/10/2025 12:00,0.764
3/10/2025 13:00,0.756
3/10/2025 14:00,0.743
3/10/2025 15:00,0.745
3/10/2025 16:00,0.726
3/10/2025 17:00,0.72
3/10/2025 18:00,0.71
3/10/2025 19:00,0.697
3/10/2025 20:00,0.695
3/10/2025 21:00,0.689
3/10/2025 22:00,0.682
3/10/2025 23:00,0.688
3/11/2025 0:00,0.681
3/11/2025 1:00,0.672
3/11/2025 2:00,0.662
3/11/2025 3:00,0.668
3/11/2025 4:00,0.659
3/11/2025 5:00,0.652
3/11/2025 6:00,0.651
3/11/2025 7:00,0.671
3/11/2025 8:00,0.667
3/11/2025 9:00,0.663
3/11/2025 10:00,0.669
3/11/2025 11:00,0.668
3/11/2025 12:00,0.662
3/11/2025 13:00,0.661
3/11/2025 14:00,0.66
3/11/2025 15:00,0.682
3/11/2025 16:00,0.646
3/11/2025 17:00,0.637
3/11/2025 18:00,0.64
3/11/2025 19:00,0.63
3/11/2025 20:00,0.625
3/11/2025 21:00,0.634
3/11/2025 22:00,0.636
3/11/2025 23:00,0.641
3/12/2025 0:00,0.635
3/12/2025 1:00,0.635
3/12/2025 2:00,0.636
3/12/2025 3:00,0.636
3/12/2025 4:00,0.641
3/12/2025 5:00,0.645
3/12/2025 6:00,0.681
3/12/2025 7:00,0.65
3/12/2025 8:00,0.633
3/12/2025 9:00,0.618
3/12/2025 10:00,0.61
3/12/2025 11:00,0.599
3/12/2025 12:00,0.58
3/12/2025 13:00,0.575
3/12/2025 14:00,0.593
3/12/2025 15:00,0.611
3/12/2025 16:00,0.63
3/12/2025 17:00,0.645
3/12/2025 18:00,0.659
3/12/2025 19:00,0.67
3/12/2025 20:00,0.683
3/12/2025 21:00,0.705
3/12/2025 22:00,0.695
3/12/2025 23:00,0.696
3/13/2025 0:00,0.698
3/13/2025 1:00,0.706
3/13/2025 2:00,0.703
3/13/2025 3:00,0.705
3/13/2025 4:00,0.701
3/13/2025 5:00,0.694
3/13/2025 6:00,0.697
3/13/2025 7:00,0.706
3/13/2025 8:00,0.691
3/13/2025 9:00,0.685
3/13/2025 10:00,0.688
3/13/2025 11:00,0.683
3/13/2025 12:00,0.676
3/13/2025 13:00,0.671
3/13/2025 14:00,0.677
3/13/2025 15:00,0.691
3/13/2025 16:00,0.716
3/13/2025 17:00,0.728
3/13/2025 18:00,0.73
3/13/2025 19:00,0.737
3/13/2025 20:00,0.739
3/13/2025 21:00,0.757
3/13/2025 22:00,0.758
3/13/2025 23:00,0.754
3/14/2025 0:00,0.762
3/14/2025 1:00,0.765
3/14/2025 2:00,0.751
3/14/2025 3:00,0.753
3/14/2025 4:00,0.755
3/14/2025 5:00,0.746
3/14/2025 6:00,0.754
3/14/2025 7:00,0.754
3/14/2025 8:00,0.753
3/14/2025 9:00,0.764
3/14/2025 10:00,0.768
3/14/2025 11:00,0.768
3/14/2025 12:00,0.77
3/14/2025 13:00,0.781
3/14/2025 14:00,0.787
3/14/2025 15:00,0.79
3/14/2025 16:00,0.791
3/14/2025 17:00,0.787
3/14/2025 18:00,0.783
3/14/2025 19:00,0.78
3/14/2025 20:00,0.782
3/14/2025 21:00,0.781
3/14/2025 22:00,0.799
3/14/2025 23:00,0.797
3/15/2025 0:00,0.812
3/15/2025 1:00,0.811
3/15/2025 2:00,0.808
3/15/2025 3:00,0.819
3/15/2025 4:00,0.806
3/15/2025 5:00,0.804
3/15/2025 6:00,0.805
3/15/2025 7:00,0.805
3/15/2025 8:00,0.794
3/15/2025 9:00,0.789
3/15/2025 10:00,0.806
3/15/2025 11:00,0.801
3/15/2025 12:00,0.79
3/15/2025 13:00,0.805
3/15/2025 14:00,0.786
3/15/2025 15:00,0.796
3/15/2025 16:00,0.784
3/15/2025 17:00,0.783
3/15/2025 18:00,0.773
3/15/2025 19:00,0.624
3/15/2025 20:00,0.79
3/15/2025 21:00,0.798
3/15/2025 22:00,0.784
3/15/2025 23:00,0.783
3/16/2025 0:00,0.783
3/16/2025 1:00,0.791
3/16/2025 2:00,0.798
3/16/2025 3:00,0.807
3/16/2025 4:00,0.803
3/16/2025 5:00,0.802
3/16/2025 6:00,0.807
3/16/2025 7:00,0.816
3/16/2025 8:00,0.81
3/16/2025 9:00,0.829
3/16/2025 10:00,0.839
3/16/2025 11:00,0.85
3/16/2025 12:00,0.878
3/16/2025 13:00,0.882
3/16/2025 14:00,0.888
3/16/2025 15:00,0.897
3/16/2025 16:00,0.896
3/16/2025 17:00,0.903
3/16/2025 18:00,0.885
3/16/2025 19:00,0.886
3/16/2025 20:00,0.875
3/16/2025 21:00,0.901
3/16/2025 22:00,0.922
3/16/2025 23:00,0.932
3/17/2025 0:00,0.943
3/17/2025 1:00,0.966
3/17/2025 2:00,0.975
3/17/2025 3:00,1.006
3/17/2025 4:00,1.018
3/17/2025 5:00,1.03
3/17/2025 6:00,1.035
3/17/2025 7:00,1.04
3/17/2025 8:00,1.053
3/17/2025 9:00,1.064
3/17/2025 10:00,1.087
3/17/2025 11:00,1.096
3/17/2025 12:00,1.101
3/17/2025 13:00,1.115
3/17/2025 14:00,1.124
3/17/2025 15:00,1.145
3/17/2025 16:00,1.181
3/17/2025 17:00,1.183
3/17/2025 18:00,1.208
3/17/2025 19:00,1.224
3/17/2025 20:00,1.226
3/17/2025 21:00,1.247
3/17/2025 22:00,1.303
3/17/2025 23:00,1.351
3/18/2025 0:00,1.36
3/18/2025 1:00,1.375
3/18/2025 2:00,1.405
3/18/2025 3:00,1.444
3/18/2025 4:00,1.465
3/18/2025 5:00,1.483
3/18/2025 6:00,1.488
3/18/2025 7:00,1.539
3/18/2025 8:00,1.565
3/18/2025 9:00,1.571
3/18/2025 10:00,1.584
3/18/2025 11:00,1.595
3/18/2025 12:00,1.628
3/18/2025 13:00,1.656
3/18/2025 14:00,1.67
3/18/2025 15:00,1.702
3/18/2025 16:00,1.723
3/18/2025 17:00,1.742
3/18/2025 18:00,1.751
3/18/2025 19:00,1.764
3/18/2025 20:00,1.813
3/18/2025 21:00,1.754
3/18/2025 22:00,1.783
3/18/2025 23:00,1.816
3/19/2025 0:00,1.844
3/19/2025 1:00,1.862
3/19/2025 2:00,1.866
3/19/2025 3:00,1.869
3/19/2025 4:00,1.879
3/19/2025 5:00,1.878
3/19/2025 6:00,1.904
3/19/2025 7:00,1.911
3/19/2025 8:00,1.925
3/19/2025 9:00,1.929
3/19/2025 10:00,1.945
3/19/2025 11:00,1.949
3/19/2025 12:00,1.972
3/19/2025 13:00,1.986
3/19/2025 14:00,1.999
3/19/2025 15:00,2.008
3/19/2025 16:00,1.991
3/19/2025 17:00,1.997
3/19/2025 18:00,1.997
3/19/2025 19:00,2.019
3/19/2025 20:00,2.021
3/19/2025 21:00,2.005
3/19/2025 22:00,1.98
3/19/2025 23:00,1.995
3/20/2025 0:00,2.012
3/20/2025 1:00,1.971
3/20/2025 2:00,1.986
3/20/2025 3:00,1.956
3/20/2025 4:00,1.957
3/20/2025 5:00,1.941
3/20/2025 6:00,1.927
3/20/2025 7:00,1.91
3/20/2025 8:00,1.898
3/20/2025 9:00,1.888
3/20/2025 10:00,1.877
3/20/2025 11:00,1.872
3/20/2025 12:00,1.873
3/20/2025 13:00,1.875
3/20/2025 14:00,1.871
3/20/2025 15:00,1.867
3/20/2025 16:00,1.867
3/20/2025 17:00,1.848
3/20/2025 18:00,1.853
3/20/2025 19:00,1.876
3/20/2025 20:00,1.867
3/20/2025 21:00,1.865
3/20/2025 22:00,1.881
3/20/2025 23:00,1.883
3/21/2025 0:00,1.89
3/21/2025 1:00,1.89
3/21/2025 2:00,1.896
3/21/2025 3:00,1.903
3/21/2025 4:00,1.902
3/21/2025 5:00,1.904
3/21/2025 6:00,1.904
3/21/2025 7:00,1.888
3/21/2025 8:00,1.883
3/21/2025 9:00,1.882
3/21/2025 10:00,1.883
3/21/2025 11:00,1.907
3/21/2025 12:00,1.907
3/21/2025 13:00,1.918
3/21/2025 14:00,1.92
3/21/2025 15:00,1.91
3/21/2025 16:00,1.912
3/21/2025 17:00,1.914
3/21/2025 18:00,1.899
3/21/2025 19:00,1.91
3/21/2025 20:00,1.897
3/21/2025 21:00,1.9
3/21/2025 22:00,1.88
3/21/2025 23:00,1.889
3/22/2025 0:00,1.886
3/22/2025 1:00,1.868
3/22/2025 2:00,1.876
3/22/2025 3:00,1.876
3/22/2025 4:00,1.88
3/22/2025 5:00,1.867
3/22/2025 6:00,1.864
3/22/2025 7:00,1.888
3/22/2025 8:00,1.882
3/22/2025 9:00,1.873
3/22/2025 10:00,1.867
3/22/2025 11:00,1.861
3/22/2025 12:00,1.857
3/22/2025 13:00,1.853
3/22/2025 14:00,1.865
3/22/2025 15:00,1.855
3/22/2025 16:00,1.852
3/22/2025 17:00,1.829
3/22/2025 18:00,1.843
3/22/2025 19:00,1.935
3/22/2025 20:00,1.822
3/22/2025 21:00,1.808
3/22/2025 22:00,1.85
3/22/2025 23:00,1.848
3/23/2025 0:00,1.838
3/23/2025 1:00,1.864
3/23/2025 2:00,1.882
3/23/2025 3:00,1.903
3/23/2025 4:00,1.907
3/23/2025 5:00,1.909
3/23/2025 6:00,1.912
3/23/2025 7:00,1.908
3/23/2025 8:00,1.896
3/23/2025 9:00,1.879
3/23/2025 10:00,1.88
3/23/2025 11:00,1.877
3/23/2025 12:00,1.858
3/23/2025 13:00,1.853
3/23/2025 14:00,1.852
3/23/2025 15:00,1.843
3/23/2025 16:00,1.828
3/23/2025 17:00,1.821
3/23/2025 18:00,1.814
3/23/2025 19:00,1.811
3/23/2025 20:00,1.797
3/23/2025 21:00,1.785
3/23/2025 22:00,1.789
3/23/2025 23:00,1.794
3/24/2025 0:00,1.804
3/24/2025 1:00,1.795
3/24/2025 2:00,1.789
3/24/2025 3:00,1.799
3/24/2025 4:00,1.806
3/24/2025 5:00,1.801
3/24/2025 6:00,1.803
3/24/2025 7:00,1.796
3/24/2025 8:00,1.792
3/24/2025 9:00,1.799
3/24/2025 10:00,1.814
3/24/2025 11:00,1.794
3/24/2025 12:00,1.795
3/24/2025 13:00,1.801
3/24/2025 14:00,1.812
3/24/2025 15:00,1.806
3/24/2025 16:00,1.844
3/24/2025 17:00,1.809
3/24/2025 18:00,1.795
3/24/2025 19:00,1.79
3/24/2025 20:00,1.807
3/24/2025 21:00,1.818
3/24/2025 22:00,1.827
3/24/2025 23:00,1.836
3/25/2025 0:00,1.837
3/25/2025 1:00,1.826
3/25/2025 2:00,1.833
3/25/2025 3:00,1.82
3/25/2025 4:00,1.811
3/25/2025 5:00,1.823
3/25/2025 6:00,1.807
3/25/2025 7:00,1.809
3/25/2025 8:00,1.797
3/25/2025 9:00,1.788
3/25/2025 10:00,1.77
3/25/2025 11:00,1.767
3/25/2025 12:00,1.749
3/25/2025 13:00,1.748
3/25/2025 14:00,1.749
3/25/2025 15:00,1.739
3/25/2025 16:00,1.745
3/25/2025 17:00,1.739
3/25/2025 18:00,1.747
3/25/2025 19:00,1.74
3/25/2025 20:00,1.736
3/25/2025 21:00,1.726
3/25/2025 22:00,1.74
3/25/2025 23:00,1.692
3/26/2025 0:00,1.685
3/26/2025 1:00,1.687
3/26/2025 2:00,1.676
3/26/2025 3:00,1.67
3/26/2025 4:00,1.66
3/26/2025 5:00,1.655
3/26/2025 6:00,1.645
3/26/2025 7:00,1.639
3/26/2025 8:00,1.634
3/26/2025 9:00,1.633
3/26/2025 10:00,1.623
3/26/2025 11:00,1.621
3/26/2025 12:00,1.614
3/26/2025 13:00,1.606
3/26/2025 14:00,1.578
3/26/2025 15:00,1.586
3/26/2025 16:00,1.577
3/26/2025 17:00,1.575
3/26/2025 18:00,1.563
3/26/2025 19:00,1.564
3/26/2025 20:00,1.559
3/26/2025 21:00,1.56
3/26/2025 22:00,1.542
3/26/2025 23:00,1.538
3/27/2025 0:00,1.532
3/27/2025 1:00,1.523
3/27/2025 2:00,1.525
3/27/2025 3:00,1.523
3/27/2025 4:00,1.513
3/27/2025 5:00,1.52
3/27/2025 6:00,1.528
3/27/2025 7:00,1.534
3/27/2025 8:00,1.546
3/27/2025 9:00,1.551
3/27/2025 10:00,1.552
3/27/2025 11:00,1.55
3/27/2025 12:00,1.546
3/27/2025 13:00,1.532
3/27/2025 14:00,1.526
3/27/2025 15:00,1.52
3/27/2025 16:00,1.515
3/27/2025 17:00,1.513
3/27/2025 18:00,1.511
3/27/2025 19:00,1.501
3/27/2025 20:00,1.513
3/27/2025 21:00,1.501
3/27/2025 22:00,1.504
3/27/2025 23:00,1.499
3/28/2025 0:00,1.506
3/28/2025 1:00,1.499
3/28/2025 2:00,1.483
3/28/2025 3:00,1.477
3/28/2025 4:00,1.489
3/28/2025 5:00,1.494
3/28/2025 6:00,1.469
3/28/2025 7:00,1.477
3/28/2025 8:00,1.496
3/28/2025 9:00,1.494
3/28/2025 10:00,1.495
3/28/2025 11:00,1.497
3/28/2025 12:00,1.485
3/28/2025 13:00,1.487
3/28/2025 14:00,1.487
3/28/2025 15:00,1.466
3/28/2025 16:00,1.466
3/28/2025 17:00,1.484
3/28/2025 18:00,1.464
3/28/2025 19:00,1.46
3/28/2025 20:00,1.452
3/28/2025 21:00,1.472
3/28/2025 22:00,1.471
3/28/2025 23:00,1.464
3/29/2025 0:00,1.465
3/29/2025 1:00,1.467
3/29/2025 2:00,1.478
3/29/2025 3:00,1.476
3/29/2025 4:00,1.469
3/29/2025 5:00,1.477
3/29/2025 6:00,1.475
3/29/2025 7:00,1.493
3/29/2025 8:00,1.506
3/29/2025 9:00,1.535
3/29/2025 10:00,1.562
3/29/2025 11:00,1.56
3/29/2025 12:00,1.583
3/29/2025 13:00,1.591
3/29/2025 14:00,1.575
3/29/2025 15:00,1.569
3/29/2025 16:00,1.547
3/29/2025 17:00,1.55
3/29/2025 18:00,1.549
3/29/2025 19:00,1.649
3/29/2025 20:00,1.565
3/29/2025 21:00,1.521
3/29/2025 22:00,1.516
3/29/2025 23:00,1.509
3/30/2025 0:00,1.502
3/30/2025 1:00,1.494
3/30/2025 2:00,1.488
3/30/2025 3:00,1.483
3/30/2025 4:00,1.478
3/30/2025 5:00,1.473
3/30/2025 6:00,1.466
3/30/2025 7:00,1.477
3/30/2025 8:00,1.472
3/30/2025 9:00,1.487
3/30/2025 10:00,1.495
3/30/2025 11:00,1.496
3/30/2025 12:00,1.519
3/30/2025 13:00,1.526
3/30/2025 14:00,1.536
3/30/2025 15:00,1.535
3/30/2025 16:00,1.536
3/30/2025 17:00,1.54
3/30/2025 18:00,1.535
3/30/2025 19:00,1.542
3/30/2025 20:00,1.55
3/30/2025 21:00,1.571
3/30/2025 22:00,1.579
3/30/2025 23:00,1.577
3/31/2025 0:00,1.592
3/31/2025 1:00,1.594
3/31/2025 2:00,1.592
3/31/2025 3:00,1.596
3/31/2025 4:00,1.588
3/31/2025 5:00,1.589
3/31/2025 6:00,1.585
3/31/2025 7:00,1.576
3/31/2025 8:00,1.572
3/31/2025 9:00,1.573
3/31/2025 10:00,1.593
3/31/2025 11:00,1.583
3/31/2025 12:00,1.569
3/31/2025 13:00,1.566
3/31/2025 14:00,1.572
3/31/2025 15:00,1.592
3/31/2025 16:00,1.57
3/31/2025 17:00,1.567
3/31/2025 18:00,1.563
3/31/2025 19:00,1.573
3/31/2025 20:00,1.57
3/31/2025 21:00,1.578
3/31/2025 22:00,1.568
3/31/2025 23:00,1.57
4/1/2025 0:00,1.57
4/1/2025 1:00,1.578
4/1/2025 2:00,1.583
4/1/2025 3:00,1.585
4/1/2025 4:00,1.586
4/1/2025 5:00,1.593
4/1/2025 6:00,1.6
4/1/2025 7:00,1.596
4/1/2025 8:00,1.605
4/1/2025 9:00,1.609
4/1/2025 10:00,1.62
4/1/2025 11:00,1.631
4/1/2025 12:00,1.643
4/1/2025 13:00,1.636
4/1/2025 14:00,1.641
4/1/2025 15:00,1.656
4/1/2025 16:00,1.66
4/1/2025 17:00,1.65
4/1/2025 18:00,1.664
4/1/2025 19:00,1.675
4/1/2025 20:00,1.678
4/1/2025 21:00,1.69
4/1/2025 22:00,1.719
4/1/2025 23:00,1.685
4/2/2025 0:00,1.754
4/2/2025 1:00,1.77
4/2/2025 2:00,1.772
4/2/2025 3:00,1.798
4/2/2025 4:00,1.802
4/2/2025 5:00,1.791
4/2/2025 6:00,1.799
4/2/2025 7:00,1.785
4/2/2025 8:00,1.805
4/2/2025 9:00,1.803
4/2/2025 10:00,1.805
4/2/2025 11:00,1.823
4/2/2025 12:00,1.823
4/2/2025 13:00,1.818
4/2/2025 14:00,1.818
4/2/2025 15:00,1.805
4/2/2025 16:00,1.812
4/2/2025 17:00,1.798
4/2/2025 18:00,1.803
4/2/2025 19:00,1.784
4/2/2025 20:00,1.786
4/2/2025 21:00,1.777
4/2/2025 22:00,1.758
4/2/2025 23:00,1.772
4/3/2025 0:00,1.761
4/3/2025 1:00,1.759
4/3/2025 2:00,1.746
4/3/2025 3:00,1.745
4/3/2025 4:00,1.733
4/3/2025 5:00,1.74
4/3/2025 6:00,1.723
4/3/2025 7:00,1.712
4/3/2025 8:00,1.7
4/3/2025 9:00,1.694
4/3/2025 10:00,1.709
4/3/2025 11:00,1.705
4/3/2025 12:00,1.697
4/3/2025 13:00,1.667
4/3/2025 14:00,1.674
4/3/2025 15:00,1.682
4/3/2025 16:00,1.677
4/3/2025 17:00,1.693
4/3/2025 18:00,1.687
4/3/2025 19:00,1.695
4/3/2025 20:00,1.713
4/3/2025 21:00,1.719
4/3/2025 22:00,1.725
4/3/2025 23:00,1.735
4/4/2025 0:00,1.747
4/4/2025 0:00,1.747
4/4/2025 1:00,1.754
4/4/2025 2:00,1.767
4/4/2025 3:00,1.784
4/4/2025 4:00,1.821
4/4/2025 5:00,1.842
4/4/2025 6:00,1.844
4/4/2025 7:00,1.847
4/4/2025 8:00,1.854
4/4/2025 9:00,1.86
4/4/2025 10:00,1.852
4/4/2025 11:00,1.853
4/4/2025 12:00,1.852
4/4/2025 13:00,1.862
4/4/2025 14:00,1.859
4/4/2025 15:00,1.854
4/4/2025 16:00,1.855
4/4/2025 17:00,1.848
4/4/2025 18:00,1.854
4/4/2025 19:00,1.858
4/4/2025 20:00,1.875
4/4/2025 21:00,1.857
4/4/2025 22:00,1.862
4/4/2025 23:00,1.856
4/5/2025 0:00,1.849
4/5/2025 1:00,1.872
4/5/2025 2:00,1.877
4/5/2025 3:00,1.88
4/5/2025 4:00,1.887
4/5/2025 5:00,1.893
4/5/2025 6:00,1.892
4/5/2025 7:00,1.902
4/5/2025 8:00,1.891
4/5/2025 9:00,1.89
4/5/2025 10:00,1.91
4/5/2025 11:00,1.879
4/5/2025 12:00,1.871
4/5/2025 13:00,1.885
4/5/2025 14:00,1.886
4/5/2025 15:00,1.883
4/5/2025 16:00,1.88
4/5/2025 17:00,1.894
4/5/2025 18:00,1.885
4/5/2025 19:00,1.888
4/5/2025 20:00,1.885
4/5/2025 21:00,1.957
4/5/2025 22:00,1.834
4/5/2025 23:00,1.857
4/6/2025 0:00,1.851
4/6/2025 1:00,1.843
4/6/2025 2:00,1.865
4/6/2025 3:00,1.876
4/6/2025 4:00,1.869
4/6/2025 5:00,1.854
4/6/2025 6:00,1.865
4/6/2025 7:00,1.872
4/6/2025 8:00,1.87
4/6/2025 9:00,1.887
4/6/2025 10:00,1.876
4/6/2025 11:00,1.877
4/6/2025 12:00,1.886
4/6/2025 13:00,1.887
4/6/2025 14:00,1.881
4/6/2025 15:00,1.89
4/6/2025 16:00,1.899
4/6/2025 17:00,1.896
4/6/2025 18:00,1.913
4/6/2025 19:00,1.914
4/6/2025 20:00,1.911
4/6/2025 21:00,1.918
4/6/2025 22:00,1.913
4/6/2025 23:00,1.918
4/7/2025 0:00,1.916
4/7/2025 1:00,1.929
4/7/2025 2:00,1.93
4/7/2025 3:00,1.935
4/7/2025 4:00,1.941
4/7/2025 5:00,1.935
4/7/2025 6:00,1.935
4/7/2025 7:00,1.937
4/7/2025 8:00,1.932
4/7/2025 9:00,1.922
4/7/2025 10:00,1.912
4/7/2025 11:00,1.905
4/7/2025 12:00,1.906
4/7/2025 13:00,1.895
4/7/2025 14:00,1.877
4/7/2025 15:00,1.882
4/7/2025 16:00,1.881
4/7/2025 17:00,1.868
4/7/2025 18:00,1.863
4/7/2025 19:00,1.876
4/7/2025 20:00,1.876
4/7/2025 21:00,1.867
4/7/2025 22:00,1.882
4/7/2025 23:00,1.886
4/8/2025 0:00,1.889
4/8/2025 1:00,1.876
4/8/2025 2:00,1.873
4/8/2025 3:00,1.88
4/8/2025 4:00,1.879
4/8/2025 5:00,1.87
4/8/2025 6:00,1.871
4/8/2025 7:00,1.868
4/8/2025 8:00,1.862
4/8/2025 9:00,1.891
4/8/2025 10:00,1.893
4/8/2025 11:00,1.867
4/8/2025 12:00,1.858
4/8/2025 13:00,1.865
4/8/2025 14:00,1.857
4/8/2025 15:00,1.866
4/8/2025 16:00,1.857
4/8/2025 17:00,1.856
4/8/2025 18:00,1.875
4/8/2025 19:00,1.9
4/8/2025 20:00,1.91
4/8/2025 21:00,1.889
4/8/2025 22:00,1.814
4/8/2025 23:00,1.896
4/9/2025 0:00,1.859
4/9/2025 1:00,1.86
4/9/2025 2:00,1.86
4/9/2025 3:00,1.85
4/9/2025 4:00,1.854
4/9/2025 5:00,1.858
4/9/2025 6:00,1.865
4/9/2025 7:00,1.845
4/9/2025 8:00,1.86
4/9/2025 9:00,1.853
4/9/2025 10:00,1.843
4/9/2025 11:00,1.836
4/9/2025 12:00,1.835
4/9/2025 18:00,1.785
4/9/2025 19:00,1.768
4/9/2025 20:00,1.738
4/9/2025 21:00,1.743
4/9/2025 22:00,1.746
4/9/2025 23:00,1.666
4/10/2025 0:00,1.69
4/10/2025 1:00,1.743
4/10/2025 2:00,1.722
4/10/2025 3:00,1.705
4/10/2025 4:00,1.712
4/10/2025 5:00,1.714
4/10/2025 6:00,1.702
4/10/2025 7:00,1.688
4/10/2025 8:00,1.687
4/10/2025 9:00,1.676
4/10/2025 10:00,1.675
4/10/2025 11:00,1.673
4/10/2025 12:00,1.675
4/10/2025 13:00,1.671
4/10/2025 14:00,1.653
4/10/2025 15:00,1.655
4/10/2025 16:00,1.641
4/10/2025 17:00,1.637
4/10/2025 18:00,1.622
4/10/2025 19:00,1.627
4/10/2025 20:00,1.627
4/10/2025 21:00,1.623
4/10/2025 22:00,1.613
4/10/2025 23:00,1.606
4/11/2025 0:00,1.575
4/11/2025 1:00,1.567
4/11/2025 2:00,1.592
4/11/2025 3:00,1.583
4/11/2025 4:00,1.587
4/11/2025 5:00,1.576
4/11/2025 6:00,1.568
4/11/2025 7:00,1.564
4/11/2025 8:00,1.57
4/11/2025 9:00,1.575
4/11/2025 10:00,1.572
4/11/2025 11:00,1.575
4/11/2025 12:00,1.579
4/11/2025 13:00,1.576
4/11/2025 14:00,1.558
4/11/2025 15:00,1.546
4/11/2025 16:00,1.556
4/11/2025 17:00,1.551
4/11/2025 18:00,1.534
4/11/2025 19:00,1.541
4/11/2025 20:00,1.544
4/11/2025 21:00,1.552
4/11/2025 22:00,1.552
4/11/2025 23:00,1.546
4/12/2025 0:00,1.524
4/12/2025 1:00,1.528
4/12/2025 2:00,1.529
4/12/2025 3:00,1.515
4/12/2025 4:00,1.521
4/12/2025 5:00,1.514
4/12/2025 6:00,1.509
4/12/2025 7:00,1.513
4/12/2025 8:00,1.504
4/12/2025 9:00,1.504
4/12/2025 10:00,1.519
4/12/2025 11:00,1.522
4/12/2025 12:00,1.505
4/12/2025 13:00,1.517
4/12/2025 14:00,1.509
4/12/2025 15:00,1.511
4/12/2025 16:00,1.51
4/12/2025 17:00,1.488
4/12/2025 18:00,1.587
4/12/2025 19:00,1.539
4/12/2025 20:00,1.524
4/12/2025 21:00,1.508
4/12/2025 22:00,1.49
4/12/2025 23:00,1.472
4/13/2025 0:00,1.486
4/13/2025 1:00,1.477
4/13/2025 2:00,1.472
4/13/2025 3:00,1.464
4/13/2025 4:00,1.465
4/13/2025 5:00,1.455
4/13/2025 6:00,1.473
4/13/2025 7:00,1.47
4/13/2025 8:00,1.454
4/13/2025 9:00,1.45
4/13/2025 10:00,1.452
4/13/2025 11:00,1.456
4/13/2025 12:00,1.463
4/13/2025 13:00,1.462
4/13/2025 14:00,1.456
4/13/2025 15:00,1.458
4/13/2025 16:00,1.466
4/13/2025 17:00,1.451
4/13/2025 18:00,1.456
4/13/2025 19:00,1.446
4/13/2025 20:00,1.437
4/13/2025 21:00,1.43
4/13/2025 22:00,1.451
4/13/2025 23:00,1.442
4/14/2025 0:00,1.448
4/14/2025 1:00,1.459
4/14/2025 2:00,1.46
4/14/2025 3:00,1.468
4/14/2025 4:00,1.467
4/14/2025 5:00,1.475
4/14/2025 6:00,1.476
4/14/2025 7:00,1.475
4/14/2025 8:00,1.471
4/14/2025 9:00,1.484
4/14/2025 10:00,1.484
4/14/2025 11:00,1.502
4/14/2025 12:00,1.505
4/14/2025 13:00,1.49
4/14/2025 14:00,1.481
4/14/2025 15:00,1.486
4/14/2025 16:00,1.492
4/14/2025 17:00,1.489
4/14/2025 18:00,1.483
4/14/2025 19:00,1.498
4/14/2025 20:00,1.491
4/14/2025 21:00,1.487
4/14/2025 22:00,1.49
4/14/2025 23:00,1.501
4/15/2025 0:00,1.497
4/15/2025 1:00,1.494
4/15/2025 2:00,1.498
4/15/2025 3:00,1.491
4/15/2025 4:00,1.501
4/15/2025 5:00,1.495
4/15/2025 6:00,1.506
4/15/2025 7:00,1.493
4/15/2025 8:00,1.478
4/15/2025 9:00,1.493
4/15/2025 10:00,1.488
4/15/2025 11:00,1.487
4/15/2025 12:00,1.479
4/15/2025 13:00,1.472
4/15/2025 14:00,1.465
4/15/2025 15:00,1.46
4/15/2025 16:00,1.443
4/15/2025 17:00,1.434
4/15/2025 18:00,1.423
4/15/2025 19:00,1.45
4/15/2025 20:00,1.462
4/15/2025 21:00,1.449
4/15/2025 22:00,1.455
4/15/2025 23:00,1.441
4/16/2025 0:00,1.454
4/16/2025 1:00,1.438
4/16/2025 2:00,1.442
4/16/2025 3:00,1.441
4/16/2025 4:00,1.437
4/16/2025 5:00,1.437
4/16/2025 6:00,1.424
4/16/2025 7:00,1.426
4/16/2025 8:00,1.415
4/16/2025 9:00,1.39
4/16/2025 10:00,1.406
4/16/2025 11:00,1.405
4/16/2025 12:00,1.381
4/16/2025 13:00,1.37
4/16/2025 14:00,1.371
4/16/2025 15:00,1.367
4/16/2025 16:00,1.365
4/16/2025 17:00,1.368
4/16/2025 18:00,1.352
4/16/2025 19:00,1.344
4/16/2025 20:00,1.352
4/16/2025 21:00,1.356
4/16/2025 22:00,1.355
4/16/2025 23:00,1.375
4/17/2025 0:00,1.372
4/17/2025 1:00,1.382
4/17/2025 2:00,1.391
4/17/2025 3:00,1.393
4/17/2025 4:00,1.389
4/17/2025 5:00,1.393
4/17/2025 6:00,1.398
4/17/2025 7:00,1.395
4/17/2025 8:00,1.399
4/17/2025 9:00,1.402
4/17/2025 10:00,1.402
4/17/2025 11:00,1.395
4/17/2025 12:00,1.388
4/17/2025 13:00,1.406
4/17/2025 14:00,1.4
4/17/2025 15:00,1.4
4/17/2025 16:00,1.401
4/17/2025 17:00,1.409
4/17/2025 18:00,1.396
4/17/2025 19:00,1.377
4/17/2025 20:00,1.385
4/17/2025 21:00,1.376
4/17/2025 22:00,1.383
4/17/2025 23:00,1.396
4/18/2025 0:00,1.407
4/18/2025 1:00,1.395
4/18/2025 2:00,1.398
4/18/2025 3:00,1.408
4/18/2025 4:00,1.403
4/18/2025 5:00,1.412
4/18/2025 6:00,1.4
4/18/2025 7:00,1.403
4/18/2025 8:00,1.417
4/18/2025 9:00,1.406
4/18/2025 10:00,1.402
4/18/2025 11:00,1.391
4/18/2025 12:00,1.386
4/18/2025 13:00,1.395
4/18/2025 14:00,1.392
4/18/2025 15:00,1.395
4/18/2025 16:00,1.382
4/18/2025 17:00,1.381
4/18/2025 18:00,1.387
4/18/2025 19:00,1.378
4/18/2025 20:00,1.388
4/18/2025 21:00,1.381
4/18/2025 22:00,1.401
4/18/2025 23:00,1.371
4/19/2025 0:00,1.391
4/19/2025 1:00,1.388
4/19/2025 2:00,1.399
4/19/2025 3:00,1.406
4/19/2025 4:00,1.396
4/19/2025 5:00,1.401
4/19/2025 6:00,1.403
4/19/2025 7:00,1.412
4/19/2025 8:00,1.414
4/19/2025 9:00,1.412
4/19/2025 10:00,1.41
4/19/2025 11:00,1.4
4/19/2025 12:00,1.403
4/19/2025 13:00,1.392
4/19/2025 14:00,1.385
4/19/2025 15:00,1.389
4/19/2025 16:00,1.392
4/19/2025 17:00,1.373
4/19/2025 18:00,1.453
4/19/2025 19:00,1.409
4/19/2025 20:00,1.394
4/19/2025 21:00,1.377
4/19/2025 22:00,1.383
4/19/2025 23:00,1.377
4/20/2025 0:00,1.392
4/20/2025 1:00,1.393
4/20/2025 2:00,1.386
4/20/2025 3:00,1.383
4/20/2025 4:00,1.398
4/20/2025 5:00,1.406
4/20/2025 6:00,1.415
4/20/2025 7:00,1.404
4/20/2025 8:00,1.404
4/20/2025 9:00,1.404
4/20/2025 10:00,1.415
4/20/2025 11:00,1.407
4/20/2025 12:00,1.394
4/20/2025 13:00,1.39
4/20/2025 14:00,1.4
4/20/2025 15:00,1.4
4/20/2025 16:00,1.409
4/20/2025 17:00,1.407
4/20/2025 18:00,1.409
4/20/2025 19:00,1.414
4/20/2025 20:00,1.424
4/20/2025 21:00,1.432
4/20/2025 22:00,1.436
4/20/2025 23:00,1.429
4/21/2025 0:00,1.43
4/21/2025 1:00,1.432
4/21/2025 2:00,1.42
4/21/2025 3:00,1.442
4/21/2025 4:00,1.441
4/21/2025 5:00,1.445
4/21/2025 6:00,1.432
4/21/2025 7:00,1.435
4/21/2025 8:00,1.435
4/21/2025 9:00,1.434
4/21/2025 10:00,1.42
4/21/2025 11:00,1.403
4/21/2025 12:00,1.41
4/21/2025 13:00,1.412
4/21/2025 14:00,1.421
4/21/2025 15:00,1.412
4/21/2025 16:00,1.401
4/21/2025 17:00,1.408
4/21/2025 18:00,1.392
4/21/2025 19:00,1.391
4/21/2025 20:00,1.393
4/21/2025 21:00,1.393
4/21/2025 22:00,1.381
4/21/2025 23:00,1.373
4/22/2025 0:00,1.384
4/22/2025 1:00,1.379
4/22/2025 2:00,1.39
4/22/2025 3:00,1.393
4/22/2025 4:00,1.404
4/22/2025 5:00,1.4
4/22/2025 6:00,1.408
4/22/2025 7:00,1.405
4/22/2025 8:00,1.405
4/22/2025 9:00,1.4
4/22/2025 10:00,1.403
4/22/2025 11:00,1.397
4/22/2025 12:00,1.398
4/22/2025 13:00,1.395
4/22/2025 14:00,1.385
4/22/2025 15:00,1.378
4/22/2025 16:00,1.37
4/22/2025 17:00,1.379
4/22/2025 18:00,1.371
4/22/2025 19:00,1.361
4/22/2025 20:00,1.417
4/22/2025 21:00,1.378
4/22/2025 22:00,1.364
4/22/2025 23:00,1.346
4/23/2025 0:00,1.341
4/23/2025 1:00,1.34
4/23/2025 2:00,1.335
4/23/2025 3:00,1.352
4/23/2025 4:00,1.359
4/23/2025 5:00,1.355
4/23/2025 6:00,1.363
4/23/2025 7:00,1.355
4/23/2025 8:00,1.368
4/23/2025 9:00,1.364
4/23/2025 10:00,1.361
4/23/2025 11:00,1.374
4/23/2025 12:00,1.365
4/23/2025 13:00,1.363
4/23/2025 14:00,1.368
4/23/2025 15:00,1.356
4/23/2025 16:00,1.352
4/23/2025 17:00,1.354
4/23/2025 18:00,1.36
4/23/2025 19:00,1.36
4/23/2025 20:00,1.36
4/23/2025 21:00,1.361
4/23/2025 22:00,1.375
4/23/2025 23:00,1.384
4/24/2025 0:00,1.386
4/24/2025 1:00,1.39
4/24/2025 2:00,1.384
4/24/2025 3:00,1.378
4/24/2025 4:00,1.391
4/24/2025 5:00,1.401
4/24/2025 6:00,1.393
4/24/2025 7:00,1.379
4/24/2025 8:00,1.389
4/24/2025 9:00,1.385
4/24/2025 10:00,1.392
4/24/2025 11:00,1.381
4/24/2025 12:00,1.382
4/24/2025 13:00,1.388
4/24/2025 14:00,1.386
4/24/2025 15:00,1.386
4/24/2025 16:00,1.388
4/24/2025 17:00,1.38
4/24/2025 18:00,1.385
4/24/2025 19:00,1.372
4/24/2025 20:00,1.387
4/24/2025 21:00,1.418
4/24/2025 22:00,1.436
4/24/2025 23:00,1.431
4/25/2025 0:00,1.444
4/25/2025 1:00,1.446
4/25/2025 2:00,1.447
4/25/2025 3:00,1.451
4/25/2025 4:00,1.448
4/25/2025 5:00,1.445
4/25/2025 6:00,1.453
4/25/2025 7:00,1.459
4/25/2025 8:00,1.464
4/25/2025 9:00,1.486
4/25/2025 10:00,1.478
4/25/2025 11:00,1.479
4/25/2025 12:00,1.465
4/25/2025 13:00,1.468
4/25/2025 14:00,1.458
4/25/2025 15:00,1.454
4/25/2025 16:00,1.447
4/25/2025 17:00,1.444
4/25/2025 18:00,1.449
4/25/2025 19:00,1.446
4/25/2025 20:00,1.455
4/25/2025 21:00,1.46
4/25/2025 22:00,1.452
4/25/2025 23:00,1.457
4/26/2025 0:00,1.464
4/26/2025 1:00,1.462
4/26/2025 2:00,1.455
4/26/2025 3:00,1.468
4/26/2025 4:00,1.455
4/26/2025 5:00,1.476
4/26/2025 6:00,1.493
4/26/2025 7:00,1.496
4/26/2025 8:00,1.503
4/26/2025 9:00,1.525
4/26/2025 10:00,1.519
4/26/2025 11:00,1.529
4/26/2025 12:00,1.532
4/26/2025 13:00,1.534
4/26/2025 14:00,1.544
4/26/2025 15:00,1.544
4/26/2025 16:00,1.543
4/26/2025 17:00,1.549
4/26/2025 18:00,1.546
4/26/2025 19:00,1.58
4/26/2025 20:00,1.592
4/26/2025 21:00,1.592
4/26/2025 22:00,1.566
4/26/2025 23:00,1.56
4/27/2025 0:00,1.575
4/27/2025 1:00,1.6
4/27/2025 2:00,1.608
4/27/2025 3:00,1.629
4/27/2025 4:00,1.618
4/27/2025 5:00,1.619
4/27/2025 6:00,1.636
4/27/2025 7:00,1.653
4/27/2025 8:00,1.68
4/27/2025 9:00,1.678
4/27/2025 10:00,1.697
4/27/2025 11:00,1.712
4/27/2025 12:00,1.716
4/27/2025 13:00,1.714
4/27/2025 14:00,1.74
4/27/2025 15:00,1.743
4/27/2025 16:00,1.737
4/27/2025 17:00,1.75
4/27/2025 18:00,1.731
4/27/2025 19:00,1.747
4/27/2025 20:00,1.749
4/27/2025 21:00,1.772
4/27/2025 22:00,1.779
4/27/2025 23:00,1.794
4/28/2025 0:00,1.782
4/28/2025 1:00,1.785
4/28/2025 2:00,1.779
4/28/2025 3:00,1.786
4/28/2025 4:00,1.784
4/28/2025 5:00,1.787
4/28/2025 6:00,1.782
4/28/2025 7:00,1.782
4/28/2025 8:00,1.795
4/28/2025 9:00,1.813
4/28/2025 10:00,1.808
4/28/2025 11:00,1.827
4/28/2025 12:00,1.833
4/28/2025 13:00,1.801
4/28/2025 14:00,1.845
4/28/2025 15:00,1.819
4/28/2025 16:00,1.836
4/28/2025 17:00,1.821
4/28/2025 18:00,1.827
4/28/2025 19:00,1.832
4/28/2025 20:00,1.838
4/28/2025 21:00,1.849
4/28/2025 22:00,1.852
4/28/2025 23:00,1.868
4/29/2025 0:00,1.869
4/29/2025 1:00,1.881
4/29/2025 2:00,1.894
4/29/2025 3:00,1.907
4/29/2025 4:00,1.917
4/29/2025 5:00,1.927
4/29/2025 6:00,1.935
4/29/2025 7:00,1.935
4/29/2025 8:00,1.941
4/29/2025 9:00,1.94
4/29/2025 10:00,1.939
4/29/2025 11:00,1.955
4/29/2025 12:00,1.944
4/29/2025 13:00,1.95
4/29/2025 14:00,1.95
4/29/2025 15:00,1.95
4/29/2025 16:00,1.958
4/29/2025 17:00,1.966
4/29/2025 18:00,1.97
4/29/2025 19:00,1.964
4/29/2025 20:00,2.005
4/29/2025 21:00,1.994
4/29/2025 22:00,2.021
4/29/2025 23:00,2.007
4/30/2025 0:00,2.04
4/30/2025 1:00,2.031
4/30/2025 2:00,2.019
4/30/2025 3:00,2.014
4/30/2025 4:00,2.023
4/30/2025 5:00,2.006
4/30/2025 6:00,2.026
4/30/2025 7:00,2.035
4/30/2025 8:00,2.039
4/30/2025 9:00,2.045
4/30/2025 10:00,2.063
4/30/2025 11:00,2.059
4/30/2025 12:00,2.066
4/30/2025 13:00,2.06
4/30/2025 14:00,2.055
4/30/2025 15:00,2.062
4/30/2025 16:00,2.062
4/30/2025 17:00,2.066
4/30/2025 18:00,2.052
4/30/2025 19:00,2.054
4/30/2025 20:00,2.046
4/30/2025 21:00,2.062
4/30/2025 22:00,2.055
4/30/2025 23:00,2.064
5/1/2025 0:00,2.072
5/1/2025 1:00,2.08
5/1/2025 2:00,2.095
5/1/2025 3:00,2.101
5/1/2025 4:00,2.095
5/1/2025 5:00,2.118
5/1/2025 6:00,2.118
5/1/2025 7:00,2.123
5/1/2025 8:00,2.116
5/1/2025 9:00,2.12
5/1/2025 10:00,2.128
5/1/2025 11:00,2.136
5/1/2025 12:00,2.125
5/1/2025 13:00,2.129
5/1/2025 14:00,2.123
5/1/2025 15:00,2.132
5/1/2025 16:00,2.129
5/1/2025 17:00,2.13
5/1/2025 18:00,2.117
5/1/2025 19:00,2.131
5/1/2025 20:00,2.135
5/1/2025 21:00,2.14
5/1/2025 22:00,2.145
5/1/2025 23:00,2.164
5/2/2025 0:00,2.173
5/2/2025 1:00,2.176
5/2/2025 2:00,2.193
5/2/2025 3:00,2.191
5/2/2025 4:00,2.192
5/2/2025 5:00,2.196
5/2/2025 6:00,2.189
5/2/2025 7:00,2.174
5/2/2025 8:00,2.179
5/2/2025 9:00,2.177
5/2/2025 10:00,2.179
5/2/2025 11:00,2.177
5/2/2025 12:00,2.175
5/2/2025 13:00,2.175
5/2/2025 14:00,2.149
5/2/2025 15:00,2.15
5/2/2025 16:00,2.148
5/2/2025 17:00,2.148
5/2/2025 18:00,2.152
5/2/2025 19:00,2.136
5/2/2025 20:00,2.126
5/2/2025 21:00,2.123
5/2/2025 22:00,2.129
5/2/2025 23:00,2.14
5/3/2025 0:00,2.137
5/3/2025 1:00,2.151
5/3/2025 2:00,2.16
5/3/2025 3:00,2.156
5/3/2025 4:00,2.162
5/3/2025 5:00,2.166
5/3/2025 6:00,2.159
5/3/2025 7:00,2.164
5/3/2025 8:00,2.159
5/3/2025 9:00,2.16
5/3/2025 10:00,2.157
5/3/2025 11:00,2.158
5/3/2025 12:00,2.16
5/3/2025 13:00,2.168
5/3/2025 14:00,2.185
5/3/2025 15:00,2.181
5/3/2025 16:00,2.176
5/3/2025 17:00,2.173
5/3/2025 18:00,2.343
5/3/2025 19:00,2.153
5/3/2025 20:00,2.155
5/3/2025 21:00,2.176
5/3/2025 22:00,2.159
5/3/2025 23:00,2.156
5/4/2025 0:00,2.152
5/4/2025 1:00,2.172
5/4/2025 2:00,2.162
5/4/2025 3:00,2.165
5/4/2025 4:00,2.178
5/4/2025 5:00,2.171
5/4/2025 6:00,2.18
5/4/2025 7:00,2.168
5/4/2025 8:00,2.166
5/4/2025 9:00,2.173
5/4/2025 10:00,2.172
5/4/2025 11:00,2.165
5/4/2025 12:00,2.157
5/4/2025 13:00,2.17
5/4/2025 14:00,2.156
5/4/2025 15:00,2.156
5/4/2025 16:00,2.173
5/4/2025 17:00,2.154
5/4/2025 18:00,2.159
5/4/2025 19:00,2.149
5/4/2025 20:00,2.143
5/4/2025 21:00,2.144
5/4/2025 22:00,2.138
5/4/2025 23:00,2.14
5/5/2025 0:00,2.136
5/5/2025 0:00,2.136
5/5/2025 1:00,2.122
5/5/2025 2:00,2.133
5/5/2025 3:00,2.133
5/5/2025 4:00,2.159
5/5/2025 5:00,2.162
5/5/2025 6:00,2.167
5/5/2025 7:00,2.18
5/5/2025 8:00,2.188
5/5/2025 9:00,2.177
5/5/2025 10:00,2.181
5/5/2025 11:00,2.199
5/5/2025 12:00,2.169
5/5/2025 13:00,2.179
5/5/2025 14:00,2.192
5/5/2025 15:00,2.182
5/5/2025 16:00,2.186
5/5/2025 17:00,2.222
5/5/2025 18:00,2.155
5/5/2025 19:00,2.179
5/5/2025 20:00,2.148
5/5/2025 21:00,2.149
5/5/2025 22:00,2.129
5/5/2025 23:00,2.128
5/6/2025 0:00,2.118
5/6/2025 1:00,2.109
5/6/2025 2:00,2.115
5/6/2025 3:00,2.113
5/6/2025 4:00,2.103
5/6/2025 5:00,2.108
5/6/2025 6:00,2.105
5/6/2025 7:00,2.101
5/6/2025 8:00,2.101
5/6/2025 9:00,2.104
5/6/2025 10:00,2.096
5/6/2025 11:00,2.094
5/6/2025 12:00,2.087
5/6/2025 13:00,2.091
5/6/2025 14:00,2.089
5/6/2025 15:00,2.093
5/6/2025 16:00,2.074
5/6/2025 17:00,2.076
5/6/2025 18:00,2.068
5/6/2025 19:00,2.046
5/6/2025 20:00,2.073
5/6/2025 21:00,2.074
5/6/2025 22:00,2.045
5/6/2025 23:00,2.041
5/7/2025 0:00,2.053
5/7/2025 1:00,2.054
5/7/2025 2:00,2.063
5/7/2025 3:00,2.058
5/7/2025 4:00,2.075
5/7/2025 5:00,2.074
5/7/2025 6:00,2.082
5/7/2025 7:00,2.06
5/7/2025 8:00,2.07
5/7/2025 9:00,2.067
5/7/2025 10:00,2.079
5/7/2025 11:00,2.072
5/7/2025 12:00,2.048
5/7/2025 13:00,2.046
5/7/2025 14:00,2.037
5/7/2025 15:00,2.04
5/7/2025 16:00,2.039
5/7/2025 17:00,2.029
5/7/2025 18:00,2.028
5/7/2025 19:00,2.017
5/7/2025 20:00,2.008
5/7/2025 21:00,1.996
5/7/2025 22:00,1.973
5/7/2025 23:00,2.058
5/8/2025 0:00,1.992
5/8/2025 1:00,2.029
5/8/2025 2:00,2.007
5/8/2025 3:00,2.033
5/8/2025 4:00,2.022
5/8/2025 5:00,2.011
5/8/2025 6:00,2.011
5/8/2025 7:00,2.014
5/8/2025 8:00,2.018
5/8/2025 9:00,2.015
5/8/2025 10:00,2.015
5/8/2025 11:00,2.017
5/8/2025 12:00,1.999
5/8/2025 13:00,1.996
5/8/2025 14:00,2.0
5/8/2025 15:00,2.002
5/8/2025 16:00,1.994
5/8/2025 17:00,1.996
5/8/2025 18:00,1.985
5/8/2025 19:00,1.971
5/8/2025 20:00,1.978
5/8/2025 21:00,1.962
5/8/2025 22:00,1.976
5/8/2025 23:00,1.987
5/9/2025 0:00,1.98
5/9/2025 1:00,1.986
5/9/2025 2:00,1.985
5/9/2025 3:00,1.998
5/9/2025 4:00,2.006
5/9/2025 5:00,2.011
5/9/2025 6:00,2.027
5/9/2025 7:00,2.036
5/9/2025 8:00,2.049
5/9/2025 9:00,2.06
5/9/2025 10:00,2.058
5/9/2025 11:00,2.082
5/9/2025 12:00,2.081
5/9/2025 13:00,2.087
5/9/2025 14:00,2.088
5/9/2025 15:00,2.1
5/9/2025 16:00,2.088
5/9/2025 17:00,2.06
5/9/2025 18:00,2.097
5/9/2025 19:00,2.092
5/9/2025 20:00,2.105
5/9/2025 21:00,2.1
5/9/2025 22:00,2.112
5/9/2025 23:00,2.111
5/10/2025 0:00,2.122
5/10/2025 1:00,2.108
5/10/2025 2:00,2.111
5/10/2025 3:00,2.089
5/10/2025 4:00,2.084
5/10/2025 5:00,2.073
5/10/2025 6:00,2.072
5/10/2025 7:00,2.07
5/10/2025 8:00,2.059
5/10/2025 9:00,2.078
5/10/2025 10:00,2.063
5/10/2025 11:00,2.057
5/10/2025 12:00,2.057
5/10/2025 13:00,2.044
5/10/2025 14:00,2.049
5/10/2025 15:00,2.047
5/10/2025 16:00,2.044
5/10/2025 17:00,2.033
5/10/2025 18:00,2.106
5/10/2025 19:00,2.008
5/10/2025 20:00,2.049
5/10/2025 21:00,2.021
5/10/2025 22:00,2.017
5/10/2025 23:00,2.024
5/11/2025 0:00,2.028
5/11/2025 1:00,2.039
5/11/2025 2:00,2.037
5/11/2025 3:00,2.063
5/11/2025 4:00,2.083
5/11/2025 5:00,2.095
5/11/2025 6:00,2.082
5/11/2025 7:00,2.085
5/11/2025 8:00,2.089
5/11/2025 9:00,2.074
5/11/2025 10:00,2.081
5/11/2025 11:00,2.068
5/11/2025 12:00,2.07
5/11/2025 13:00,2.076
5/11/2025 14:00,2.075
5/11/2025 15:00,2.058
5/11/2025 16:00,2.051
5/11/2025 17:00,2.054
5/11/2025 18:00,2.051
5/11/2025 19:00,2.058
5/11/2025 20:00,2.06
5/11/2025 21:00,2.062
5/11/2025 22:00,2.068
5/11/2025 23:00,2.064
5/12/2025 0:00,2.084
5/12/2025 1:00,2.075
5/12/2025 2:00,2.066
5/12/2025 3:00,2.078
5/12/2025 4:00,2.076
5/12/2025 5:00,2.067
5/12/2025 6:00,2.074
5/12/2025 7:00,2.073
5/12/2025 8:00,2.071
5/12/2025 9:00,2.069
5/12/2025 10:00,2.07
5/12/2025 11:00,2.047
5/12/2025 12:00,2.049
5/12/2025 13:00,2.052
5/12/2025 14:00,2.03
5/12/2025 15:00,2.026
5/12/2025 16:00,2.021
5/12/2025 17:00,2.031
5/12/2025 18:00,2.033
5/12/2025 19:00,2.024
5/12/2025 20:00,2.028
5/12/2025 21:00,2.021
5/12/2025 22:00,2.032
5/12/2025 23:00,2.027
5/13/2025 0:00,2.019
5/13/2025 1:00,2.032
5/13/2025 2:00,2.021
5/13/2025 3:00,2.016
5/13/2025 4:00,2.005
5/13/2025 5:00,2.011
5/13/2025 6:00,2.013
5/13/2025 7:00,2.005
5/13/2025 8:00,2.003
5/13/2025 9:00,2.002
5/13/2025 10:00,2.01
5/13/2025 11:00,1.999
5/13/2025 12:00,2.008
5/13/2025 13:00,1.986
5/13/2025 14:00,1.994
5/13/2025 15:00,1.977
5/13/2025 16:00,2.012
5/13/2025 17:00,1.986
5/13/2025 18:00,1.98
5/13/2025 19:00,1.963
5/13/2025 20:00,1.978
5/13/2025 21:00,1.989
5/13/2025 22:00,1.989
5/13/2025 23:00,1.981
5/14/2025 0:00,1.969
5/14/2025 1:00,1.973
5/14/2025 2:00,1.968
5/14/2025 3:00,1.978
5/14/2025 4:00,1.984
5/14/2025 5:00,1.962
5/14/2025 6:00,1.95
5/14/2025 7:00,1.946
5/14/2025 8:00,1.95
5/14/2025 9:00,1.941
5/14/2025 10:00,1.94
5/14/2025 11:00,1.927
5/14/2025 12:00,1.922
5/14/2025 13:00,1.922
5/14/2025 14:00,1.906
5/14/2025 15:00,1.894
5/14/2025 16:00,1.889
5/14/2025 17:00,1.877
5/14/2025 18:00,1.88
5/14/2025 19:00,1.867
5/14/2025 20:00,1.859
5/14/2025 21:00,1.862
5/14/2025 22:00,1.859
5/14/2025 23:00,1.863
5/15/2025 0:00,1.858
5/15/2025 1:00,1.871
5/15/2025 2:00,1.859
5/15/2025 3:00,1.867
5/15/2025 4:00,1.864
5/15/2025 5:00,1.853
5/15/2025 6:00,1.862
5/15/2025 7:00,1.844
5/15/2025 8:00,1.851
5/15/2025 9:00,1.848
5/15/2025 10:00,1.862
5/15/2025 11:00,1.834
5/15/2025 12:00,1.834
5/15/2025 13:00,1.826
5/15/2025 14:00,1.819
5/15/2025 15:00,1.812
5/15/2025 16:00,1.798
5/15/2025 17:00,1.806
5/15/2025 18:00,1.806
5/15/2025 19:00,1.804
5/15/2025 20:00,1.785
5/15/2025 21:00,1.792
5/15/2025 22:00,1.797
5/15/2025 23:00,1.798
5/16/2025 0:00,1.801
5/16/2025 1:00,1.798
5/16/2025 2:00,1.8
5/16/2025 3:00,1.807
5/16/2025 4:00,1.797
5/16/2025 5:00,1.795
5/16/2025 6:00,1.785
5/16/2025 7:00,1.787
5/16/2025 8:00,1.784
5/16/2025 9:00,1.77
5/16/2025 10:00,1.768
5/16/2025 11:00,1.774
5/16/2025 12:00,1.762
5/16/2025 13:00,1.772
5/16/2025 14:00,1.767
5/16/2025 15:00,1.766
5/16/2025 16:00,1.773
5/16/2025 17:00,1.756
5/16/2025 18:00,1.766
5/16/2025 19:00,1.739
5/16/2025 20:00,1.735
5/16/2025 21:00,1.722
5/16/2025 22:00,1.751
5/16/2025 23:00,1.752
5/17/2025 0:00,1.767
5/17/2025 1:00,1.766
5/17/2025 2:00,1.752
5/17/2025 3:00,1.78
5/17/2025 4:00,1.796
5/17/2025 5:00,1.777
5/17/2025 6:00,1.779
5/17/2025 7:00,1.786
5/17/2025 8:00,1.769
5/17/2025 9:00,1.775
5/17/2025 10:00,1.768
5/17/2025 11:00,1.771
5/17/2025 12:00,1.772
5/17/2025 13:00,1.766
5/17/2025 14:00,1.762
5/17/2025 15:00,1.771
5/17/2025 16:00,1.773
5/17/2025 17:00,1.776
5/17/2025 18:00,1.65
5/17/2025 19:00,1.775
5/17/2025 20:00,1.784
5/17/2025 21:00,1.737
5/17/2025 22:00,1.76
5/17/2025 23:00,1.748
5/18/2025 0:00,1.753
5/18/2025 1:00,1.757
5/18/2025 2:00,1.75
5/18/2025 3:00,1.736
5/18/2025 4:00,1.754
5/18/2025 5:00,1.752
5/18/2025 6:00,1.761
5/18/2025 7:00,1.748
5/18/2025 8:00,1.737
5/18/2025 9:00,1.736
5/18/2025 10:00,1.736
5/18/2025 11:00,1.727
5/18/2025 12:00,1.726
5/18/2025 13:00,1.739
5/18/2025 14:00,1.725
5/18/2025 15:00,1.721
5/18/2025 16:00,1.715
5/18/2025 17:00,1.71
5/18/2025 18:00,1.722
5/18/2025 19:00,1.727
5/18/2025 20:00,1.749
5/18/2025 21:00,1.755
5/18/2025 22:00,1.747
5/18/2025 23:00,1.784
5/19/2025 0:00,1.793
5/19/2025 1:00,1.823
5/19/2025 2:00,1.815
5/19/2025 3:00,1.832
5/19/2025 4:00,1.834
5/19/2025 5:00,1.828
5/19/2025 6:00,1.823
5/19/2025 7:00,1.84
5/19/2025 8:00,1.844
5/19/2025 9:00,1.839
5/19/2025 10:00,1.845
5/19/2025 11:00,1.84
5/19/2025 12:00,1.844
5/19/2025 13:00,1.861
5/19/2025 14:00,1.862
5/19/2025 15:00,1.879
5/19/2025 16:00,1.873
5/19/2025 17:00,1.888
5/19/2025 18:00,1.882
5/19/2025 19:00,1.894
5/19/2025 20:00,1.912
5/19/2025 21:00,1.909
5/19/2025 22:00,1.935
5/19/2025 23:00,1.902
5/20/2025 0:00,1.919
5/20/2025 1:00,1.9
5/20/2025 2:00,1.905
5/20/2025 3:00,1.909
5/20/2025 4:00,1.91
5/20/2025 5:00,1.91
5/20/2025 6:00,1.913
5/20/2025 7:00,1.897
5/20/2025 8:00,1.898
5/20/2025 9:00,1.897
5/20/2025 10:00,1.881
5/20/2025 11:00,1.887
5/20/2025 12:00,1.879
5/20/2025 13:00,1.887
5/20/2025 14:00,1.895
5/20/2025 15:00,1.898
5/20/2025 16:00,1.898
5/20/2025 17:00,1.896
5/20/2025 18:00,1.894
5/20/2025 19:00,1.896
5/20/2025 20:00,1.902
5/20/2025 21:00,1.913
5/20/2025 22:00,1.881
5/20/2025 23:00,1.889
5/21/2025 0:00,1.886
5/21/2025 1:00,1.902
5/21/2025 2:00,1.904
5/21/2025 3:00,1.915
5/21/2025 4:00,1.907
5/21/2025 5:00,1.918
5/21/2025 6:00,1.918
5/21/2025 7:00,1.907
5/21/2025 8:00,1.904
5/21/2025 9:00,1.906
5/21/2025 10:00,1.907
5/21/2025 11:00,1.916
5/21/2025 12:00,1.91
5/21/2025 13:00,1.903
5/21/2025 14:00,1.899
5/21/2025 15:00,1.906
5/21/2025 16:00,1.906
5/21/2025 17:00,1.882
5/21/2025 18:00,1.877
5/21/2025 19:00,1.878
5/21/2025 20:00,1.866
5/21/2025 21:00,1.869
5/21/2025 22:00,1.876
5/21/2025 23:00,1.872
5/22/2025 0:00,1.867
5/22/2025 1:00,1.851
5/22/2025 2:00,1.851
5/22/2025 3:00,1.845
5/22/2025 4:00,1.866
5/22/2025 5:00,1.854
5/22/2025 6:00,1.854
5/22/2025 7:00,1.847
5/22/2025 8:00,1.86
5/22/2025 9:00,1.821
5/22/2025 10:00,1.837
5/22/2025 11:00,1.828
5/22/2025 12:00,1.836
5/22/2025 13:00,1.833
5/22/2025 14:00,1.837
5/22/2025 15:00,1.832
5/22/2025 16:00,1.834
5/22/2025 17:00,1.817
5/22/2025 18:00,1.819
5/22/2025 19:00,1.8
5/22/2025 20:00,1.809
5/22/2025 21:00,1.788
5/22/2025 22:00,1.781
5/22/2025 23:00,1.784
5/23/2025 0:00,1.768
5/23/2025 1:00,1.764
5/23/2025 2:00,1.757
5/23/2025 3:00,1.755
5/23/2025 4:00,1.753
5/23/2025 5:00,1.75
5/23/2025 6:00,1.749
5/23/2025 7:00,1.747
5/23/2025 8:00,1.756
5/23/2025 9:00,1.746
5/23/2025 10:00,1.752
5/23/2025 11:00,1.769
5/23/2025 12:00,1.739
5/23/2025 13:00,1.73
5/23/2025 14:00,1.73
5/23/2025 15:00,1.737
5/23/2025 16:00,1.739
5/23/2025 17:00,1.741
5/23/2025 18:00,1.758
5/23/2025 19:00,1.753
5/23/2025 20:00,1.756
5/23/2025 21:00,1.751
5/23/2025 22:00,1.745
5/23/2025 23:00,1.747
5/24/2025 0:00,1.737
5/24/2025 1:00,1.744
5/24/2025 2:00,1.742
5/24/2025 3:00,1.745
5/24/2025 4:00,1.749
5/24/2025 5:00,1.767
5/24/2025 6:00,1.762
5/24/2025 7:00,1.761
5/24/2025 8:00,1.755
5/24/2025 9:00,1.761
5/24/2025 10:00,1.751
5/24/2025 11:00,1.744
5/24/2025 12:00,1.732
5/24/2025 13:00,1.723
5/24/2025 14:00,1.703
5/24/2025 15:00,1.708
5/24/2025 16:00,1.699
5/24/2025 17:00,1.687
5/24/2025 18:00,1.782
5/24/2025 19:00,1.725
5/24/2025 20:00,1.666
5/24/2025 21:00,1.693
5/24/2025 22:00,1.704
5/24/2025 23:00,1.7
5/25/2025 0:00,1.683
5/25/2025 1:00,1.669
5/25/2025 2:00,1.665
5/25/2025 3:00,1.648
5/25/2025 4:00,1.635
5/25/2025 5:00,1.642
5/25/2025 6:00,1.64
5/25/2025 7:00,1.632
5/25/2025 8:00,1.635
5/25/2025 9:00,1.621
5/25/2025 10:00,1.618
5/25/2025 11:00,1.609
5/25/2025 12:00,1.615
5/25/2025 13:00,1.616
5/25/2025 14:00,1.617
5/25/2025 15:00,1.608
5/25/2025 16:00,1.611
5/25/2025 17:00,1.598
5/25/2025 18:00,1.596
5/25/2025 19:00,1.598
5/25/2025 20:00,1.593
5/25/2025 21:00,1.602
5/25/2025 22:00,1.601
5/25/2025 23:00,1.595
5/26/2025 0:00,1.596
5/26/2025 1:00,1.595
5/26/2025 2:00,1.591
5/26/2025 3:00,1.588
5/26/2025 4:00,1.588
5/26/2025 5:00,1.588
5/26/2025 6:00,1.593
5/26/2025 7:00,1.6
5/26/2025 8:00,1.608
5/26/2025 9:00,1.608
5/26/2025 10:00,1.598
5/26/2025 11:00,1.609
5/26/2025 12:00,1.597
5/26/2025 13:00,1.583
5/26/2025 14:00,1.576
5/26/2025 15:00,1.587
5/26/2025 16:00,1.558
5/26/2025 17:00,1.544
5/26/2025 18:00,1.554
5/26/2025 19:00,1.557
5/26/2025 20:00,1.55
5/26/2025 21:00,1.562
5/26/2025 22:00,1.568
5/26/2025 23:00,1.57
5/27/2025 0:00,1.573
5/27/2025 1:00,1.557
5/27/2025 2:00,1.566
5/27/2025 3:00,1.554
5/27/2025 4:00,1.56
5/27/2025 5:00,1.553
5/27/2025 6:00,1.539
5/27/2025 7:00,1.518
5/27/2025 8:00,1.513
5/27/2025 9:00,1.513
5/27/2025 10:00,1.528
5/27/2025 11:00,1.509
5/27/2025 12:00,1.503
5/27/2025 13:00,1.5
5/27/2025 14:00,1.496
5/27/2025 15:00,1.479
5/27/2025 16:00,1.471
5/27/2025 17:00,1.473
5/27/2025 18:00,1.459
5/27/2025 19:00,1.459
5/27/2025 20:00,1.445
5/27/2025 21:00,1.441
5/27/2025 22:00,1.448
5/27/2025 23:00,1.441
5/28/2025 0:00,1.455
5/28/2025 1:00,1.442
5/28/2025 2:00,1.434
5/28/2025 3:00,1.423
5/28/2025 4:00,1.417
5/28/2025 5:00,1.406
5/28/2025 6:00,1.4
5/28/2025 7:00,1.392
5/28/2025 8:00,1.388
5/28/2025 9:00,1.378
5/28/2025 10:00,1.364
5/28/2025 11:00,1.368
5/28/2025 12:00,1.362
5/28/2025 13:00,1.354
5/28/2025 14:00,1.342
5/28/2025 15:00,1.34
5/28/2025 16:00,1.333
5/28/2025 17:00,1.322
5/28/2025 18:00,1.302
5/28/2025 19:00,1.301
5/28/2025 20:00,1.295
5/28/2025 21:00,1.303
5/28/2025 22:00,1.309
5/28/2025 23:00,1.328
5/29/2025 0:00,1.315
5/29/2025 1:00,1.307
5/29/2025 2:00,1.321
5/29/2025 3:00,1.308
5/29/2025 4:00,1.303
5/29/2025 5:00,1.29
5/29/2025 6:00,1.291
5/29/2025 7:00,1.279
5/29/2025 8:00,1.269
5/29/2025 9:00,1.264
5/29/2025 10:00,1.257
5/29/2025 11:00,1.248
5/29/2025 12:00,1.232
5/29/2025 13:00,1.23
5/29/2025 14:00,1.241
5/29/2025 15:00,1.221
5/29/2025 16:00,1.226
5/29/2025 17:00,1.22
5/29/2025 18:00,1.234
5/29/2025 19:00,1.224
5/29/2025 20:00,1.222
5/29/2025 21:00,1.227
5/29/2025 22:00,1.241
5/29/2025 23:00,1.228
5/30/2025 0:00,1.249
5/30/2025 1:00,1.265
5/30/2025 2:00,1.267
5/30/2025 3:00,1.264
5/30/2025 4:00,1.262
5/30/2025 5:00,1.249
5/30/2025 6:00,1.253
5/30/2025 7:00,1.247
5/30/2025 8:00,1.244
5/30/2025 9:00,1.227
5/30/2025 10:00,1.227
5/30/2025 11:00,1.212
5/30/2025 12:00,1.207
5/30/2025 13:00,1.2
5/30/2025 14:00,1.192
5/30/2025 15:00,1.186
5/30/2025 16:00,1.174
5/30/2025 17:00,1.174
5/30/2025 18:00,1.146
5/30/2025 19:00,1.152
5/30/2025 20:00,1.144
5/30/2025 21:00,1.138
5/30/2025 22:00,1.143
5/30/2025 23:00,1.166
5/31/2025 0:00,1.17
5/31/2025 1:00,1.177
5/31/2025 2:00,1.17
5/31/2025 3:00,1.179
5/31/2025 4:00,1.17
5/31/2025 5:00,1.17
5/31/2025 6:00,1.182
5/31/2025 7:00,1.176
5/31/2025 8:00,1.179
5/31/2025 9:00,1.173
5/31/2025 10:00,1.168
5/31/2025 11:00,1.169
5/31/2025 12:00,1.175
5/31/2025 13:00,1.199
5/31/2025 14:00,1.201
5/31/2025 15:00,1.204
5/31/2025 16:00,1.211
5/31/2025 17:00,1.212
5/31/2025 18:00,1.335
5/31/2025 19:00,1.231
5/31/2025 20:00,1.207
5/31/2025 21:00,1.23
5/31/2025 22:00,1.233
5/31/2025 23:00,1.244
6/1/2025 0:00,1.263
6/1/2025 1:00,1.273
6/1/2025 2:00,1.282
6/1/2025 3:00,1.27
6/1/2025 4:00,1.267
6/1/2025 5:00,1.26
6/1/2025 6:00,1.236
6/1/2025 7:00,1.25
6/1/2025 8:00,1.248
6/1/2025 9:00,1.222
6/1/2025 10:00,1.221
6/1/2025 11:00,1.214
6/1/2025 12:00,1.215
6/1/2025 13:00,1.217
6/1/2025 14:00,1.204
6/1/2025 15:00,1.189
6/1/2025 16:00,1.187
6/1/2025 17:00,1.188
6/1/2025 18:00,1.182
6/1/2025 19:00,1.185
6/1/2025 20:00,1.189
6/1/2025 21:00,1.182
6/1/2025 22:00,1.179
6/1/2025 23:00,1.177
6/2/2025 0:00,1.175
6/2/2025 1:00,1.16
6/2/2025 2:00,1.184
6/2/2025 3:00,1.184
6/2/2025 4:00,1.182
6/2/2025 5:00,1.191
6/2/2025 6:00,1.184
6/2/2025 7:00,1.192
6/2/2025 8:00,1.189
6/2/2025 9:00,1.186
6/2/2025 10:00,1.186
6/2/2025 11:00,1.179
6/2/2025 12:00,1.185
6/2/2025 13:00,1.189
6/2/2025 14:00,1.193
6/2/2025 15:00,1.17
6/2/2025 16:00,1.168
6/2/2025 17:00,1.162
6/2/2025 18:00,1.155
6/2/2025 19:00,1.147
6/2/2025 20:00,1.143
6/2/2025 21:00,1.152
6/2/2025 22:00,1.154
6/2/2025 23:00,1.139
6/3/2025 0:00,1.133
6/3/2025 1:00,1.131
6/3/2025 2:00,1.134
6/3/2025 3:00,1.141
6/3/2025 4:00,1.146
6/3/2025 5:00,1.152
6/3/2025 6:00,1.162
6/3/2025 7:00,1.155
6/3/2025 8:00,1.154
6/3/2025 9:00,1.151
6/3/2025 10:00,1.137
6/3/2025 11:00,1.141
6/3/2025 12:00,1.139
6/3/2025 13:00,1.138
6/3/2025 14:00,1.138
6/3/2025 15:00,1.125
6/3/2025 16:00,1.138
6/3/2025 17:00,1.122
6/3/2025 18:00,1.116
6/3/2025 19:00,1.115
6/3/2025 20:00,1.117
6/3/2025 21:00,1.115
6/3/2025 22:00,1.111
6/3/2025 23:00,1.108
6/4/2025 0:00,1.114
6/4/2025 1:00,1.115
6/4/2025 2:00,1.116
6/4/2025 3:00,1.107
6/4/2025 4:00,1.113
6/4/2025 5:00,1.104
6/4/2025 6:00,1.102
6/4/2025 7:00,1.1
6/4/2025 8:00,1.105
6/4/2025 9:00,1.113
6/4/2025 10:00,1.107
6/4/2025 11:00,1.096
6/4/2025 12:00,1.099
6/4/2025 13:00,1.105
6/4/2025 14:00,1.095
6/4/2025 15:00,1.074
6/4/2025 16:00,1.067
6/4/2025 17:00,1.064
6/4/2025 18:00,1.037
6/4/2025 19:00,1.04
6/4/2025 20:00,1.035
6/4/2025 21:00,1.033
6/4/2025 22:00,1.028
6/4/2025 23:00,1.003
6/5/2025 0:00,1.007
6/5/2025 0:00,1.007
6/5/2025 1:00,1.01
6/5/2025 2:00,1.015
6/5/2025 3:00,1.002
6/5/2025 4:00,1.005
6/5/2025 5:00,0.998
6/5/2025 6:00,1.005
6/5/2025 7:00,1.005
6/5/2025 8:00,1.0
6/5/2025 9:00,0.999
6/5/2025 10:00,0.995
6/5/2025 11:00,0.981
6/5/2025 12:00,0.983
6/5/2025 13:00,0.982
6/5/2025 14:00,0.977
6/5/2025 15:00,0.972
6/5/2025 16:00,0.968
6/5/2025 17:00,0.969
6/5/2025 18:00,0.966
6/5/2025 19:00,0.963
6/5/2025 20:00,0.978
6/5/2025 21:00,0.98
6/5/2025 22:00,0.957
6/5/2025 23:00,0.967
6/6/2025 0:00,0.968
6/6/2025 1:00,0.968
6/6/2025 2:00,0.978
6/6/2025 3:00,0.967
6/6/2025 4:00,0.968
6/6/2025 5:00,0.96
6/6/2025 6:00,0.974
6/6/2025 7:00,0.972
6/6/2025 8:00,0.972
6/6/2025 9:00,0.962
6/6/2025 10:00,0.965
6/6/2025 11:00,0.962
6/6/2025 12:00,0.971
6/6/2025 13:00,0.953
6/6/2025 14:00,0.956
6/6/2025 15:00,0.943
6/6/2025 16:00,0.919
6/6/2025 17:00,0.904
6/6/2025 18:00,0.925
6/6/2025 19:00,0.922
6/6/2025 20:00,0.909
6/6/2025 21:00,0.894
6/6/2025 22:00,0.899
6/6/2025 23:00,0.909
6/7/2025 0:00,0.906
6/7/2025 1:00,0.91
6/7/2025 2:00,0.912
6/7/2025 3:00,0.902
6/7/2025 4:00,0.898
6/7/2025 5:00,0.894
6/7/2025 6:00,0.896
6/7/2025 7:00,0.878
6/7/2025 8:00,0.891
6/7/2025 9:00,0.876
6/7/2025 10:00,0.872
6/7/2025 11:00,0.869
6/7/2025 12:00,0.866
6/7/2025 13:00,0.869
6/7/2025 14:00,0.859
6/7/2025 15:00,0.844
6/7/2025 16:00,0.852
6/7/2025 17:00,0.856
6/7/2025 18:00,0.935
6/7/2025 19:00,0.804
6/7/2025 20:00,0.872
6/7/2025 21:00,0.845
6/7/2025 22:00,0.855
6/7/2025 23:00,0.891
6/8/2025 0:00,0.866
6/8/2025 1:00,0.86
6/8/2025 2:00,0.852
6/8/2025 3:00,0.86
6/8/2025 4:00,0.853
6/8/2025 5:00,0.871
6/8/2025 6:00,0.874
6/8/2025 7:00,0.867
6/8/2025 8:00,0.871
6/8/2025 9:00,0.881
6/8/2025 10:00,0.874
6/8/2025 11:00,0.876
6/8/2025 12:00,0.864
6/8/2025 13:00,0.841
6/8/2025 14:00,0.864
6/8/2025 15:00,0.869
6/8/2025 16:00,0.857
6/8/2025 17:00,0.846
6/8/2025 18:00,0.851
6/8/2025 19:00,0.844
6/8/2025 20:00,0.839
6/8/2025 21:00,0.843
6/8/2025 22:00,0.848
6/8/2025 23:00,0.854
6/9/2025 0:00,0.859
6/9/2025 1:00,0.858
6/9/2025 2:00,0.853
6/9/2025 3:00,0.848
6/9/2025 4:00,0.852
6/9/2025 5:00,0.831
6/9/2025 6:00,0.837
6/9/2025 7:00,0.828
6/9/2025 8:00,0.818
6/9/2025 9:00,0.834
6/9/2025 10:00,0.827
6/9/2025 11:00,0.81
6/9/2025 12:00,0.799
6/9/2025 13:00,0.783
6/9/2025 14:00,0.772
6/9/2025 15:00,0.776
6/9/2025 16:00,0.739
6/9/2025 17:00,0.745
6/9/2025 18:00,0.738
6/9/2025 19:00,0.724
6/9/2025 20:00,0.735
6/9/2025 21:00,0.735
6/9/2025 22:00,0.73
6/9/2025 23:00,0.73
6/10/2025 0:00,0.724
6/10/2025 1:00,0.735
6/10/2025 2:00,0.732
6/10/2025 3:00,0.735
6/10/2025 4:00,0.739
6/10/2025 5:00,0.72
6/10/2025 6:00,0.743
6/10/2025 7:00,0.727
6/10/2025 8:00,0.725
6/10/2025 9:00,0.7
6/10/2025 10:00,0.707
6/10/2025 11:00,0.714
6/10/2025 12:00,0.724
6/10/2025 13:00,0.723
6/10/2025 14:00,0.713
6/10/2025 15:00,0.711
6/10/2025 16:00,0.693
6/10/2025 17:00,0.684
6/10/2025 18:00,0.669
6/10/2025 19:00,0.703
6/10/2025 20:00,0.703
6/10/2025 21:00,0.678
6/10/2025 22:00,0.675
6/10/2025 23:00,0.698
6/11/2025 0:00,0.697
6/11/2025 1:00,0.707
6/11/2025 2:00,0.719
6/11/2025 3:00,0.715
6/11/2025 4:00,0.712
6/11/2025 5:00,0.718
6/11/2025 6:00,0.708
6/11/2025 7:00,0.716
6/11/2025 8:00,0.705
6/11/2025 9:00,0.696
6/11/2025 10:00,0.705
6/11/2025 11:00,0.692
6/11/2025 12:00,0.69
6/11/2025 13:00,0.695
6/11/2025 14:00,0.68
6/11/2025 15:00,0.675
6/11/2025 16:00,0.665
6/11/2025 17:00,0.662
6/11/2025 18:00,0.646
6/11/2025 19:00,0.655
6/11/2025 20:00,0.633
6/11/2025 21:00,0.625
6/11/2025 22:00,0.629
6/11/2025 23:00,0.65
6/12/2025 0:00,0.653
6/12/2025 1:00,0.661
6/12/2025 2:00,0.657
6/12/2025 3:00,0.669
6/12/2025 4:00,0.688
6/12/2025 5:00,0.691
6/12/2025 6:00,0.692
6/12/2025 7:00,0.698
6/12/2025 8:00,0.686
6/12/2025 9:00,0.68
6/12/2025 10:00,0.681
6/12/2025 11:00,0.673
6/12/2025 12:00,0.649
6/12/2025 13:00,0.66
6/12/2025 14:00,0.653
6/12/2025 15:00,0.644
6/12/2025 16:00,0.652
6/12/2025 17:00,0.641
6/12/2025 18:00,0.647
6/12/2025 19:00,0.656
6/12/2025 20:00,0.657
6/12/2025 21:00,0.648
6/12/2025 22:00,0.65
6/12/2025 23:00,0.67
6/13/2025 0:00,0.658
6/13/2025 1:00,0.648
6/13/2025 2:00,0.652
6/13/2025 3:00,0.665
6/13/2025 4:00,0.67
6/13/2025 5:00,0.667
6/13/2025 6:00,0.669
6/13/2025 7:00,0.673
6/13/2025 8:00,0.668
6/13/2025 9:00,0.656
6/13/2025 10:00,0.651
6/13/2025 11:00,0.656
6/13/2025 12:00,0.64
6/13/2025 13:00,0.657
6/13/2025 14:00,0.645
6/13/2025 15:00,0.629
6/13/2025 16:00,0.62
6/13/2025 17:00,0.596
6/13/2025 18:00,0.594
6/13/2025 19:00,0.599
6/13/2025 20:00,0.557
6/13/2025 21:00,0.56
6/13/2025 22:00,0.58
6/13/2025 23:00,0.58
6/14/2025 0:00,0.59
6/14/2025 1:00,0.613
6/14/2025 2:00,0.6
6/14/2025 3:00,0.607
6/14/2025 4:00,0.621
6/14/2025 5:00,0.633
6/14/2025 6:00,0.621
6/14/2025 7:00,0.62
6/14/2025 8:00,0.619
6/14/2025 9:00,0.632
6/14/2025 10:00,0.618
6/14/2025 11:00,0.618
6/14/2025 12:00,0.622
6/14/2025 13:00,0.624
6/14/2025 14:00,0.625
6/14/2025 15:00,0.629
6/14/2025 16:00,0.61
6/14/2025 17:00,0.607
6/14/2025 18:00,0.599
6/14/2025 19:00,0.552
6/14/2025 20:00,0.665
6/14/2025 21:00,0.607
6/14/2025 22:00,0.581
6/14/2025 23:00,0.592
6/15/2025 0:00,0.59
6/15/2025 1:00,0.589
6/15/2025 2:00,0.581
6/15/2025 3:00,0.582
6/15/2025 4:00,0.588
6/15/2025 5:00,0.609
6/15/2025 6:00,0.575
6/15/2025 7:00,0.581
6/15/2025 8:00,0.567
6/15/2025 9:00,0.563
6/15/2025 10:00,0.565
6/15/2025 11:00,0.588
6/15/2025 12:00,0.563
6/15/2025 13:00,0.555
6/15/2025 14:00,0.568
6/15/2025 15:00,0.545
6/15/2025 16:00,0.532
6/15/2025 17:00,0.54
6/15/2025 18:00,0.541
6/15/2025 19:00,0.544
6/15/2025 20:00,0.53
6/15/2025 21:00,0.524
6/15/2025 22:00,0.528
6/15/2025 23:00,0.527
6/16/2025 0:00,0.546
6/16/2025 1:00,0.54
6/16/2025 2:00,0.549
6/16/2025 3:00,0.545
6/16/2025 4:00,0.549
6/16/2025 5:00,0.552
6/16/2025 6:00,0.569
6/16/2025 7:00,0.569
6/16/2025 8:00,0.585
6/16/2025 9:00,0.571
6/16/2025 10:00,0.577
6/16/2025 11:00,0.579
6/16/2025 12:00,0.583
6/16/2025 13:00,0.581
6/16/2025 14:00,0.555
6/16/2025 15:00,0.575
6/16/2025 16:00,0.564
6/16/2025 17:00,0.567
6/16/2025 18:00,0.541
6/16/2025 19:00,0.551
6/16/2025 20:00,0.556
6/16/2025 21:00,0.531
6/16/2025 22:00,0.517
6/16/2025 23:00,0.517
6/17/2025 0:00,0.526
6/17/2025 1:00,0.534
6/17/2025 2:00,0.534
6/17/2025 3:00,0.522
6/17/2025 4:00,0.54
6/17/2025 5:00,0.529
6/17/2025 6:00,0.519
6/17/2025 7:00,0.53
6/17/2025 8:00,0.52
6/17/2025 9:00,0.513
6/17/2025 10:00,0.513
6/17/2025 11:00,0.512
6/17/2025 12:00,0.524
6/17/2025 13:00,0.513
6/17/2025 14:00,0.491
6/17/2025 15:00,0.504
6/17/2025 16:00,0.505
6/17/2025 17:00,0.482
6/17/2025 18:00,0.489
6/17/2025 19:00,0.491
6/17/2025 20:00,0.475
6/17/2025 21:00,0.473
6/17/2025 22:00,0.435
6/17/2025 23:00,0.477
6/18/2025 0:00,0.484
6/18/2025 1:00,0.479
6/18/2025 2:00,0.495
6/18/2025 3:00,0.492
6/18/2025 4:00,0.485
6/18/2025 5:00,0.506
6/18/2025 6:00,0.506
6/18/2025 7:00,0.504
6/18/2025 8:00,0.506
6/18/2025 9:00,0.512
6/18/2025 10:00,0.512
6/18/2025 11:00,0.509
6/18/2025 12:00,0.5
6/18/2025 13:00,0.513
6/18/2025 14:00,0.493
6/18/2025 15:00,0.51
6/18/2025 16:00,0.519
6/18/2025 17:00,0.498
6/18/2025 18:00,0.509
6/18/2025 19:00,0.508
6/18/2025 20:00,0.491
6/18/2025 21:00,0.486
6/18/2025 22:00,0.477
6/18/2025 23:00,0.468
6/19/2025 0:00,0.464
6/19/2025 1:00,0.475
6/19/2025 2:00,0.476
6/19/2025 3:00,0.485
6/19/2025 4:00,0.478
6/19/2025 5:00,0.467
6/19/2025 6:00,0.472
6/19/2025 7:00,0.467
6/19/2025 8:00,0.476
6/19/2025 9:00,0.484
6/19/2025 10:00,0.479
6/19/2025 11:00,0.455
6/19/2025 12:00,0.451
6/19/2025 13:00,0.468
6/19/2025 14:00,0.467
6/19/2025 15:00,0.463
6/19/2025 16:00,0.466
6/19/2025 17:00,0.469
6/19/2025 18:00,0.48
6/19/2025 19:00,0.487
6/19/2025 20:00,0.496
6/19/2025 21:00,0.477
6/19/2025 22:00,0.488
6/19/2025 23:00,0.508
6/20/2025 0:00,0.506
6/20/2025 1:00,0.494
6/20/2025 2:00,0.484
6/20/2025 3:00,0.496
6/20/2025 4:00,0.506
6/20/2025 5:00,0.486
6/20/2025 6:00,0.502
6/20/2025 7:00,0.508
6/20/2025 8:00,0.493
6/20/2025 9:00,0.489
6/20/2025 10:00,0.499
6/20/2025 11:00,0.512
6/20/2025 12:00,0.497
6/20/2025 13:00,0.505
6/20/2025 14:00,0.508
6/20/2025 15:00,0.545
6/20/2025 16:00,0.522
6/20/2025 17:00,0.51
6/20/2025 18:00,0.517
6/20/2025 19:00,0.538
6/20/2025 20:00,0.548
6/20/2025 21:00,0.557
6/20/2025 22:00,0.561
6/20/2025 23:00,0.553
6/21/2025 0:00,0.553
6/21/2025 1:00,0.576
6/21/2025 2:00,0.58
6/21/2025 3:00,0.603
6/21/2025 4:00,0.591
6/21/2025 5:00,0.588
6/21/2025 6:00,0.589
6/21/2025 7:00,0.584
6/21/2025 8:00,0.582
6/21/2025 9:00,0.587
6/21/2025 10:00,0.61
6/21/2025 11:00,0.591
6/21/2025 12:00,0.571
6/21/2025 13:00,0.564
6/21/2025 14:00,0.562
6/21/2025 15:00,0.538
6/21/2025 16:00,0.536
6/21/2025 17:00,0.523
6/21/2025 18:00,0.615
6/21/2025 19:00,0.539
6/21/2025 20:00,0.501
6/21/2025 21:00,0.51
6/21/2025 22:00,0.515
6/21/2025 23:00,0.51
6/22/2025 0:00,0.469
6/22/2025 1:00,0.518
6/22/2025 2:00,0.503
6/22/2025 3:00,0.509
6/22/2025 4:00,0.477
6/22/2025 5:00,0.487
6/22/2025 6:00,0.483
6/22/2025 7:00,0.473
6/22/2025 8:00,0.481
6/22/2025 9:00,0.508
6/22/2025 10:00,0.487
6/22/2025 11:00,0.502
6/22/2025 12:00,0.512
6/22/2025 13:00,0.492
6/22/2025 14:00,0.487
6/22/2025 15:00,0.473
6/22/2025 16:00,0.464
6/22/2025 17:00,0.463
6/22/2025 18:00,0.477
6/22/2025 19:00,0.479
6/22/2025 20:00,0.503
6/22/2025 21:00,0.493
6/22/2025 22:00,0.502
6/22/2025 23:00,0.513
6/23/2025 0:00,0.512
6/23/2025 1:00,0.531
6/23/2025 2:00,0.54
6/23/2025 3:00,0.543
6/23/2025 4:00,0.542
6/23/2025 5:00,0.541
6/23/2025 6:00,0.541
6/23/2025 7:00,0.552
6/23/2025 8:00,0.554
6/23/2025 9:00,0.557
6/23/2025 10:00,0.561
6/23/2025 11:00,0.559
6/23/2025 12:00,0.538
6/23/2025 13:00,0.56
6/23/2025 14:00,0.567
6/23/2025 15:00,0.558
6/23/2025 16:00,0.534
6/23/2025 17:00,0.53
6/23/2025 18:00,0.544
6/23/2025 19:00,0.515
6/23/2025 20:00,0.516
6/23/2025 21:00,0.536
6/23/2025 22:00,0.524
6/23/2025 23:00,0.529
6/24/2025 0:00,0.511
6/24/2025 1:00,0.539
6/24/2025 2:00,0.548
6/24/2025 3:00,0.541
6/24/2025 4:00,0.549
6/24/2025 5:00,0.533
6/24/2025 6:00,0.529
6/24/2025 7:00,0.548
6/24/2025 8:00,0.537
6/24/2025 9:00,0.541
6/24/2025 10:00,0.534
6/24/2025 11:00,0.513
6/24/2025 12:00,0.519
6/24/2025 13:00,0.507
6/24/2025 14:00,0.502
6/24/2025 15:00,0.501
6/24/2025 16:00,0.494
6/24/2025 17:00,0.483
6/24/2025 18:00,0.474
6/24/2025 19:00,0.504
6/24/2025 20:00,0.517
6/24/2025 21:00,0.544
6/24/2025 22:00,0.56
6/24/2025 23:00,0.567
6/25/2025 0:00,0.575
6/25/2025 1:00,0.603
6/25/2025 2:00,0.605
6/25/2025 3:00,0.621
6/25/2025 4:00,0.627
6/25/2025 5:00,0.63
6/25/2025 6:00,0.641
6/25/2025 7:00,0.628
6/25/2025 8:00,0.649
6/25/2025 9:00,0.632
6/25/2025 10:00,0.634
6/25/2025 11:00,0.647
6/25/2025 12:00,0.65
6/25/2025 13:00,0.656
6/25/2025 14:00,0.653
6/25/2025 15:00,0.663
6/25/2025 16:00,0.665
6/25/2025 17:00,0.654
6/25/2025 18:00,0.636
6/25/2025 19:00,0.633
6/25/2025 20:00,0.639
6/25/2025 21:00,0.713
6/25/2025 22:00,0.713
6/25/2025 23:00,0.672
6/26/2025 0:00,0.702
6/26/2025 1:00,0.729
6/26/2025 2:00,0.715
6/26/2025 3:00,0.738
6/26/2025 4:00,0.746
6/26/2025 5:00,0.767
6/26/2025 6:00,0.77
6/26/2025 7:00,0.754
6/26/2025 8:00,0.752
6/26/2025 9:00,0.762
6/26/2025 10:00,0.76
6/26/2025 11:00,0.77
6/26/2025 12:00,0.78
6/26/2025 13:00,0.777
6/26/2025 14:00,0.784
6/26/2025 15:00,0.79
6/26/2025 16:00,0.796
6/26/2025 17:00,0.822
6/26/2025 18:00,0.811
6/26/2025 19:00,0.812
6/26/2025 20:00,0.812
6/26/2025 21:00,0.822
6/26/2025 22:00,0.845
6/26/2025 23:00,0.864
6/27/2025 0:00,0.859
6/27/2025 1:00,0.857
6/27/2025 2:00,0.87
6/27/2025 3:00,0.856
6/27/2025 4:00,0.869
6/27/2025 5:00,0.857
6/27/2025 6:00,0.856
6/27/2025 7:00,0.834
6/27/2025 8:00,0.84
6/27/2025 9:00,0.846
6/27/2025 10:00,0.837
6/27/2025 11:00,0.848
6/27/2025 12:00,0.833
6/27/2025 13:00,0.821
6/27/2025 14:00,0.803
6/27/2025 15:00,0.817
6/27/2025 16:00,0.81
6/27/2025 17:00,0.797
6/27/2025 18:00,0.775
6/27/2025 19:00,0.775
6/27/2025 20:00,0.783
6/27/2025 21:00,0.778
6/27/2025 22:00,0.797
6/27/2025 23:00,0.793
6/28/2025 0:00,0.828
6/28/2025 1:00,0.823
6/28/2025 2:00,0.817
6/28/2025 3:00,0.822
6/28/2025 4:00,0.821
6/28/2025 5:00,0.827
6/28/2025 6:00,0.835
6/28/2025 7:00,0.849
6/28/2025 8:00,0.85
6/28/2025 9:00,0.863
6/28/2025 10:00,0.864
6/28/2025 11:00,0.871
6/28/2025 12:00,0.883
6/28/2025 13:00,0.904
6/28/2025 14:00,0.904
6/28/2025 15:00,0.911
6/28/2025 16:00,0.912
6/28/2025 17:00,0.91
6/28/2025 18:00,0.854
6/28/2025 19:00,0.964
6/28/2025 20:00,0.914
6/28/2025 21:00,0.929
6/28/2025 22:00,0.947
6/28/2025 23:00,0.973
6/29/2025 0:00,0.997
6/29/2025 1:00,1.0
6/29/2025 2:00,1.014
6/29/2025 3:00,1.024
6/29/2025 4:00,1.017
6/29/2025 5:00,1.02
6/29/2025 6:00,1.028
6/29/2025 7:00,1.02
6/29/2025 8:00,1.027
6/29/2025 9:00,0.999
6/29/2025 10:00,1.002
6/29/2025 11:00,1.006
6/29/2025 12:00,0.998
6/29/2025 13:00,1.012
6/29/2025 14:00,1.011
6/29/2025 15:00,1.003
6/29/2025 16:00,1.011
6/29/2025 17:00,0.997
6/29/2025 18:00,1.0
6/29/2025 19:00,1.005
6/29/2025 20:00,0.993
6/29/2025 21:00,0.984
6/29/2025 22:00,0.988
6/29/2025 23:00,0.993
6/30/2025 0:00,1.011
6/30/2025 1:00,1.012
6/30/2025 2:00,1.003
6/30/2025 3:00,1.019
6/30/2025 4:00,1.026
6/30/2025 5:00,1.013
6/30/2025 6:00,1.026
6/30/2025 7:00,1.007
6/30/2025 8:00,0.992
6/30/2025 9:00,0.994
6/30/2025 10:00,0.972
6/30/2025 11:00,0.987
6/30/2025 12:00,0.969
6/30/2025 13:00,0.951
6/30/2025 14:00,0.932
6/30/2025 15:00,0.935
6/30/2025 16:00,0.944
6/30/2025 17:00,0.913
6/30/2025 18:00,0.9
6/30/2025 19:00,0.905
6/30/2025 20:00,0.871
6/30/2025 21:00,0.895
6/30/2025 22:00,0.892
6/30/2025 23:00,0.9
7/1/2025 0:00,0.903
7/1/2025 1:00,0.93
7/1/2025 2:00,0.922
7/1/2025 3:00,0.926
7/1/2025 4:00,0.931
7/1/2025 5:00,0.941
7/1/2025 6:00,0.937
7/1/2025 7:00,0.936
7/1/2025 8:00,0.939
7/1/2025 9:00,0.938
7/1/2025 10:00,0.938
7/1/2025 11:00,0.937
7/1/2025 12:00,0.943
7/1/2025 13:00,0.939
7/1/2025 14:00,0.929
7/1/2025 15:00,0.939
7/1/2025 16:00,0.934
7/1/2025 17:00,0.927
7/1/2025 18:00,0.921
7/1/2025 19:00,0.911
7/1/2025 20:00,0.893
7/1/2025 21:00,0.892
7/1/2025 22:00,0.885
7/1/2025 23:00,0.906
7/2/2025 0:00,0.895
7/2/2025 1:00,0.9
7/2/2025 2:00,0.909
7/2/2025 3:00,0.915
7/2/2025 4:00,0.913
7/2/2025 5:00,0.905
7/2/2025 6:00,0.906
7/2/2025 7:00,0.907
7/2/2025 8:00,0.91
7/2/2025 9:00,0.875
7/2/2025 10:00,0.891
7/2/2025 11:00,0.882
7/2/2025 12:00,0.864
7/2/2025 13:00,0.867
7/2/2025 14:00,0.866
7/2/2025 15:00,0.847
7/2/2025 16:00,0.852
7/2/2025 17:00,0.845
7/2/2025 18:00,0.845
7/2/2025 19:00,0.855
7/2/2025 20:00,0.839
7/2/2025 21:00,0.845
7/2/2025 22:00,0.831
7/2/2025 23:00,0.836
7/3/2025 0:00,0.802
7/3/2025 1:00,0.864
7/3/2025 2:00,0.838
7/3/2025 3:00,0.877
7/3/2025 4:00,0.851
7/3/2025 5:00,0.875
7/3/2025 6:00,0.867
7/3/2025 7:00,0.861
7/3/2025 8:00,0.868
7/3/2025 9:00,0.869
7/3/2025 10:00,0.871
7/3/2025 11:00,0.869
7/3/2025 12:00,0.866
7/3/2025 13:00,0.85
7/3/2025 14:00,0.876
7/3/2025 15:00,0.858
7/3/2025 16:00,0.864
7/3/2025 17:00,0.863
7/3/2025 18:00,0.864
7/3/2025 19:00,0.856
7/3/2025 20:00,0.851
7/3/2025 21:00,0.847
7/3/2025 22:00,0.846
7/3/2025 23:00,0.849
7/4/2025 0:00,0.84
7/4/2025 1:00,0.842
7/4/2025 2:00,0.848
7/4/2025 3:00,0.843
7/4/2025 4:00,0.86
7/4/2025 5:00,0.833
7/4/2025 6:00,0.821
7/4/2025 7:00,0.83
7/4/2025 8:00,0.836
7/4/2025 9:00,0.824
7/4/2025 10:00,0.803
7/4/2025 11:00,0.794
7/4/2025 12:00,0.8
7/4/2025 13:00,0.783
7/4/2025 14:00,0.786
7/4/2025 15:00,0.759
7/4/2025 16:00,0.768
7/4/2025 17:00,0.824
7/4/2025 18:00,0.76
7/4/2025 19:00,0.773
7/4/2025 20:00,0.759
7/4/2025 21:00,0.76
7/4/2025 22:00,0.773
7/4/2025 23:00,0.76
7/5/2025 0:00,0.744
7/5/2025 1:00,0.75
7/5/2025 2:00,0.744
7/5/2025 3:00,0.757
7/5/2025 4:00,0.757
7/5/2025 5:00,0.77
7/5/2025 6:00,0.783
7/5/2025 7:00,0.775
7/5/2025 8:00,0.783
7/5/2025 9:00,0.767
7/5/2025 10:00,0.762
7/5/2025 11:00,0.761
7/5/2025 12:00,0.764
7/5/2025 13:00,0.756
7/5/2025 14:00,0.753
7/5/2025 15:00,0.74
7/5/2025 16:00,0.738
7/5/2025 17:00,0.74
7/5/2025 18:00,0.679
7/5/2025 19:00,0.733
7/5/2025 20:00,0.784
7/5/2025 21:00,0.735
7/5/2025 22:00,0.76
7/5/2025 23:00,0.751
7/6/2025 0:00,0.761
7/6/2025 0:00,0.761
7/6/2025 1:00,0.775
7/6/2025 2:00,0.76
7/6/2025 3:00,0.776
7/6/2025 4:00,0.759
7/6/2025 5:00,0.771
7/6/2025 6:00,0.779
7/6/2025 7:00,0.783
7/6/2025 8:00,0.776
7/6/2025 9:00,0.762
7/6/2025 10:00,0.752
7/6/2025 11:00,0.722
7/6/2025 12:00,0.73
7/6/2025 13:00,0.729
7/6/2025 14:00,0.703
7/6/2025 15:00,0.698
7/6/2025 16:00,0.701
7/6/2025 17:00,0.714
7/6/2025 18:00,0.682
7/6/2025 19:00,0.701
7/6/2025 20:00,0.704
7/6/2025 21:00,0.71
7/6/2025 22:00,0.732
7/6/2025 23:00,0.749
7/7/2025 0:00,0.749
7/7/2025 1:00,0.754
7/7/2025 2:00,0.754
7/7/2025 3:00,0.747
7/7/2025 4:00,0.735
7/7/2025 5:00,0.748
7/7/2025 6:00,0.742
7/7/2025 7:00,0.766
7/7/2025 8:00,0.772
7/7/2025 9:00,0.771
7/7/2025 10:00,0.749
7/7/2025 11:00,0.737
7/7/2025 12:00,0.736
7/7/2025 13:00,0.731
7/7/2025 14:00,0.745
7/7/2025 15:00,0.723
7/7/2025 16:00,0.73
7/7/2025 17:00,0.769
7/7/2025 18:00,0.796
7/7/2025 19:00,0.831
7/7/2025 20:00,0.857
7/7/2025 21:00,0.877
7/7/2025 22:00,0.91
7/7/2025 23:00,0.936
7/8/2025 0:00,0.929
7/8/2025 1:00,0.927
7/8/2025 2:00,0.932
7/8/2025 3:00,0.933
7/8/2025 4:00,0.919
7/8/2025 5:00,0.917
7/8/2025 6:00,0.908
7/8/2025 7:00,0.897
7/8/2025 8:00,0.89
7/8/2025 9:00,0.884
7/8/2025 10:00,0.857
7/8/2025 11:00,0.86
7/8/2025 12:00,0.84
7/8/2025 13:00,0.844
7/8/2025 14:00,0.845
7/8/2025 15:00,0.823
7/8/2025 16:00,0.833
7/8/2025 17:00,0.831
7/8/2025 18:00,0.83
7/8/2025 19:00,0.847
7/8/2025 20:00,0.852
7/8/2025 21:00,0.853
7/8/2025 22:00,0.853
7/8/2025 23:00,0.841
7/9/2025 0:00,0.897
7/9/2025 1:00,0.885
7/9/2025 2:00,0.904
7/9/2025 3:00,0.909
7/9/2025 4:00,0.922
7/9/2025 5:00,0.914
7/9/2025 6:00,0.924
7/9/2025 7:00,0.934
7/9/2025 8:00,0.93
7/9/2025 9:00,0.914
7/9/2025 10:00,0.933
7/9/2025 11:00,0.924
7/9/2025 12:00,0.922
7/9/2025 13:00,0.91
7/9/2025 14:00,0.921
7/9/2025 15:00,0.898
7/9/2025 16:00,0.885
7/9/2025 17:00,0.873
7/9/2025 18:00,0.867
7/9/2025 19:00,0.884
7/9/2025 20:00,0.896
7/9/2025 21:00,0.908
7/9/2025 22:00,0.916
7/9/2025 23:00,0.923
7/10/2025 0:00,0.939
7/10/2025 1:00,0.952
7/10/2025 2:00,0.958
7/10/2025 3:00,0.957
7/10/2025 4:00,0.971
7/10/2025 5:00,0.978
7/10/2025 6:00,0.97
7/10/2025 7:00,0.967
7/10/2025 8:00,0.977
7/10/2025 9:00,0.958
7/10/2025 10:00,0.966
7/10/2025 11:00,0.964
7/10/2025 12:00,0.964
7/10/2025 13:00,0.965
7/10/2025 14:00,0.958
7/10/2025 15:00,0.952
7/10/2025 16:00,0.945
7/10/2025 17:00,0.934
7/10/2025 18:00,0.937
7/10/2025 19:00,0.922
7/10/2025 20:00,0.948
7/10/2025 21:00,0.96
7/10/2025 22:00,0.963
7/10/2025 23:00,0.979
7/11/2025 0:00,0.977
7/11/2025 1:00,0.999
7/11/2025 2:00,0.997
7/11/2025 3:00,1.001
7/11/2025 4:00,0.995
7/11/2025 5:00,1.001
7/11/2025 6:00,0.993
7/11/2025 7:00,0.992
7/11/2025 8:00,0.991
7/11/2025 9:00,0.986
7/11/2025 10:00,1.004
7/11/2025 11:00,0.97
7/11/2025 12:00,0.987
7/11/2025 13:00,0.962
7/11/2025 14:00,0.966
7/11/2025 15:00,0.96
7/11/2025 16:00,0.955
7/11/2025 17:00,0.938
7/11/2025 18:00,0.942
7/11/2025 19:00,0.916
7/11/2025 20:00,0.93
7/11/2025 21:00,0.927
7/11/2025 22:00,0.95
7/11/2025 23:00,0.946
7/12/2025 0:00,0.938
7/12/2025 1:00,0.969
7/12/2025 2:00,0.972
7/12/2025 3:00,0.976
7/12/2025 4:00,0.981
7/12/2025 5:00,0.983
7/12/2025 6:00,0.981
7/12/2025 7:00,0.992
7/12/2025 8:00,0.997
7/12/2025 9:00,0.99
7/12/2025 10:00,0.986
7/12/2025 11:00,0.995
7/12/2025 12:00,0.993
7/12/2025 13:00,0.993
7/12/2025 14:00,0.995
7/12/2025 15:00,0.998
7/12/2025 16:00,0.992
7/12/2025 17:00,0.974
7/12/2025 18:00,0.97
7/12/2025 19:00,0.962
7/12/2025 20:00,1.053
7/12/2025 21:00,0.922
7/12/2025 22:00,0.993
7/12/2025 23:00,0.999
7/13/2025 0:00,1.008
7/13/2025 1:00,1.023
7/13/2025 2:00,1.032
7/13/2025 3:00,1.031
7/13/2025 4:00,1.032
7/13/2025 5:00,1.023
7/13/2025 6:00,1.03
7/13/2025 7:00,1.03
7/13/2025 8:00,1.018
7/13/2025 9:00,1.017
7/13/2025 10:00,1.013
7/13/2025 11:00,1.008
7/13/2025 12:00,0.99
7/13/2025 13:00,1.002
7/13/2025 14:00,0.979
7/13/2025 15:00,0.968
7/13/2025 16:00,0.983
7/13/2025 17:00,0.945
7/13/2025 18:00,0.918
7/13/2025 19:00,0.926
7/13/2025 20:00,0.958
7/13/2025 21:00,1.062
7/13/2025 22:00,1.055
7/13/2025 23:00,1.065
7/14/2025 0:00,1.088
7/14/2025 1:00,1.086
7/14/2025 2:00,1.091
7/14/2025 3:00,1.099
7/14/2025 4:00,1.094
7/14/2025 5:00,1.101
7/14/2025 6:00,1.109
7/14/2025 7:00,1.112
7/14/2025 8:00,1.116
7/14/2025 9:00,1.101
7/14/2025 10:00,1.098
7/14/2025 11:00,1.098
7/14/2025 12:00,1.107
7/14/2025 13:00,1.116
7/14/2025 14:00,1.096
7/14/2025 15:00,1.065
7/14/2025 16:00,1.08
7/14/2025 17:00,1.078
7/14/2025 18:00,1.069
7/14/2025 19:00,1.071
7/14/2025 20:00,1.055
7/14/2025 21:00,1.029
7/14/2025 22:00,1.035
7/14/2025 23:00,1.032
7/15/2025 0:00,1.025
7/15/2025 1:00,1.035
7/15/2025 2:00,1.037
7/15/2025 3:00,1.019
7/15/2025 4:00,1.041
7/15/2025 5:00,1.04
7/15/2025 6:00,1.047
7/15/2025 7:00,1.046
7/15/2025 8:00,1.046
7/15/2025 9:00,1.059
7/15/2025 10:00,1.054
7/15/2025 11:00,1.059
7/15/2025 12:00,1.064
7/15/2025 13:00,1.07
7/15/2025 14:00,1.061
7/15/2025 15:00,1.058
7/15/2025 16:00,1.039
7/15/2025 17:00,1.036
7/15/2025 18:00,1.031
7/15/2025 19:00,1.026
7/15/2025 20:00,1.015
7/15/2025 21:00,1.045
7/15/2025 22:00,0.994
7/15/2025 23:00,0.997
7/16/2025 0:00,1.016
7/16/2025 1:00,1.008
7/16/2025 2:00,1.017
7/16/2025 3:00,1.024
7/16/2025 4:00,1.028
7/16/2025 5:00,1.033
7/16/2025 6:00,1.019
7/16/2025 7:00,1.018
7/16/2025 8:00,1.02
7/16/2025 9:00,1.005
7/16/2025 10:00,1.002
7/16/2025 11:00,1.0
7/16/2025 12:00,1.004
7/16/2025 13:00,0.988
7/16/2025 14:00,0.956
7/16/2025 15:00,0.941
7/16/2025 16:00,0.931
7/16/2025 17:00,0.911
7/16/2025 18:00,0.907
7/16/2025 19:00,0.909
7/16/2025 20:00,0.906
7/16/2025 21:00,0.904
7/16/2025 22:00,0.911
7/16/2025 23:00,0.915
7/17/2025 0:00,0.921
7/17/2025 1:00,0.93
7/17/2025 2:00,0.94
7/17/2025 3:00,0.963
7/17/2025 4:00,0.973
7/17/2025 5:00,0.971
7/17/2025 6:00,0.984
7/17/2025 7:00,0.977
7/17/2025 8:00,0.969
7/17/2025 9:00,0.972
7/17/2025 10:00,0.958
7/17/2025 11:00,0.952
7/17/2025 12:00,0.964
7/17/2025 13:00,0.955
7/17/2025 14:00,0.929
7/17/2025 15:00,0.939
7/17/2025 16:00,0.948
7/17/2025 17:00,0.95
7/17/2025 18:00,0.953
7/17/2025 19:00,0.945
7/17/2025 20:00,0.951
7/17/2025 21:00,0.96
7/17/2025 22:00,0.956
7/17/2025 23:00,0.96
7/18/2025 0:00,0.975
7/18/2025 1:00,0.976
7/18/2025 2:00,0.981
7/18/2025 3:00,0.996
7/18/2025 4:00,0.996
7/18/2025 5:00,0.989
7/18/2025 6:00,1.006
7/18/2025 7:00,1.016
7/18/2025 8:00,1.014
7/18/2025 9:00,1.006
7/18/2025 10:00,1.005
7/18/2025 11:00,1.002
7/18/2025 12:00,0.985
7/18/2025 13:00,0.991
7/18/2025 14:00,0.994
7/18/2025 15:00,0.995
7/18/2025 16:00,0.967
7/18/2025 17:00,0.929
7/18/2025 18:00,0.969
7/18/2025 19:00,0.935
7/18/2025 20:00,0.913
7/18/2025 21:00,0.906
7/18/2025 22:00,0.874
7/18/2025 23:00,0.862
7/19/2025 0:00,0.843
7/19/2025 1:00,0.853
7/19/2025 2:00,0.847
7/19/2025 3:00,0.846
7/19/2025 4:00,0.821
7/19/2025 5:00,0.811
7/19/2025 6:00,0.805
7/19/2025 7:00,0.811
7/19/2025 8:00,0.807
7/19/2025 9:00,0.798
7/19/2025 10:00,0.799
7/19/2025 11:00,0.788
7/19/2025 12:00,0.786
7/19/2025 13:00,0.785
7/19/2025 14:00,0.766
7/19/2025 15:00,0.759
7/19/2025 16:00,0.749
7/19/2025 17:00,0.745
7/19/2025 18:00,0.68
7/19/2025 19:00,0.721
7/19/2025 20:00,0.731
7/19/2025 21:00,0.702
7/19/2025 22:00,0.718
7/19/2025 23:00,0.719
7/20/2025 0:00,0.693
7/20/2025 1:00,0.714
7/20/2025 2:00,0.712
7/20/2025 3:00,0.719
7/20/2025 4:00,0.737
7/20/2025 5:00,0.731
7/20/2025 6:00,0.731
7/20/2025 7:00,0.726
7/20/2025 8:00,0.732
7/20/2025 9:00,0.718
7/20/2025 10:00,0.711
7/20/2025 11:00,0.706
7/20/2025 12:00,0.7
7/20/2025 13:00,0.7
7/20/2025 14:00,0.68
7/20/2025 15:00,0.676
7/20/2025 16:00,0.666
7/20/2025 17:00,0.677
7/20/2025 18:00,0.682
7/20/2025 19:00,0.67
7/20/2025 20:00,0.668
7/20/2025 21:00,0.682
7/20/2025 22:00,0.674
7/20/2025 23:00,0.702
7/21/2025 0:00,0.717
7/21/2025 1:00,0.718
7/21/2025 2:00,0.749
7/21/2025 3:00,0.738
7/21/2025 4:00,0.758
7/21/2025 5:00,0.76
7/21/2025 6:00,0.764
7/21/2025 7:00,0.741
7/21/2025 8:00,0.736
7/21/2025 9:00,0.736
7/21/2025 10:00,0.717
7/21/2025 11:00,0.709
7/21/2025 12:00,0.705
7/21/2025 13:00,0.698
7/21/2025 14:00,0.691
7/21/2025 15:00,0.703
7/21/2025 16:00,0.7
7/21/2025 17:00,0.705
7/21/2025 18:00,0.693
7/21/2025 19:00,0.721
7/21/2025 20:00,0.716
7/21/2025 21:00,0.729
7/21/2025 22:00,0.74
7/21/2025 23:00,0.731
7/22/2025 0:00,0.73
7/22/2025 1:00,0.738
7/22/2025 2:00,0.75
7/22/2025 3:00,0.742
7/22/2025 4:00,0.736
7/22/2025 5:00,0.729
7/22/2025 6:00,0.73
7/22/2025 7:00,0.729
7/22/2025 8:00,0.722
7/22/2025 9:00,0.715
7/22/2025 10:00,0.715
7/22/2025 11:00,0.715
7/22/2025 12:00,0.709
7/22/2025 13:00,0.711
7/22/2025 14:00,0.696
7/22/2025 15:00,0.683
7/22/2025 16:00,0.667
7/22/2025 17:00,0.661
7/22/2025 18:00,0.653
7/22/2025 19:00,0.64
7/22/2025 20:00,0.667
7/22/2025 21:00,0.597
7/22/2025 22:00,0.63
7/22/2025 23:00,0.627
7/23/2025 0:00,0.597
7/23/2025 1:00,0.59
7/23/2025 2:00,0.592
7/23/2025 3:00,0.582
7/23/2025 4:00,0.586
7/23/2025 5:00,0.575
7/23/2025 6:00,0.575
7/23/2025 7:00,0.575
7/23/2025 8:00,0.586
7/23/2025 9:00,0.578
7/23/2025 10:00,0.581
7/23/2025 11:00,0.584
7/23/2025 12:00,0.582
7/23/2025 13:00,0.548
7/23/2025 14:00,0.557
7/23/2025 15:00,0.544
7/23/2025 16:00,0.552
7/23/2025 17:00,0.568
7/23/2025 18:00,0.552
7/23/2025 19:00,0.557
7/23/2025 20:00,0.566
7/23/2025 21:00,0.574
7/23/2025 22:00,0.585
7/23/2025 23:00,0.595
7/24/2025 0:00,0.575
7/24/2025 1:00,0.602
7/24/2025 2:00,0.623
7/24/2025 3:00,0.628
7/24/2025 4:00,0.62
7/24/2025 5:00,0.614
7/24/2025 6:00,0.613
7/24/2025 7:00,0.605
7/24/2025 8:00,0.596
7/24/2025 9:00,0.6
7/24/2025 10:00,0.59
7/24/2025 11:00,0.593
7/24/2025 12:00,0.558
7/24/2025 13:00,0.544
7/24/2025 14:00,0.521
7/24/2025 15:00,0.516
7/24/2025 16:00,0.498
7/24/2025 17:00,0.475
7/24/2025 18:00,0.449
7/24/2025 19:00,0.456
7/24/2025 20:00,0.456
7/24/2025 21:00,0.45
7/24/2025 22:00,0.453
7/24/2025 23:00,0.483
7/25/2025 0:00,0.472
7/25/2025 1:00,0.492
7/25/2025 2:00,0.509
7/25/2025 3:00,0.507
7/25/2025 4:00,0.521
7/25/2025 5:00,0.52
7/25/2025 6:00,0.541
7/25/2025 7:00,0.539
7/25/2025 8:00,0.547
7/25/2025 9:00,0.542
7/25/2025 10:00,0.539
7/25/2025 11:00,0.506
7/25/2025 12:00,0.52
7/25/2025 13:00,0.543
7/25/2025 14:00,0.532
7/25/2025 15:00,0.537
7/25/2025 16:00,0.557
7/25/2025 17:00,0.555
7/25/2025 18:00,0.559
7/25/2025 19:00,0.532
7/25/2025 20:00,0.526
7/25/2025 21:00,0.539
7/25/2025 22:00,0.558
7/25/2025 23:00,0.565
7/26/2025 0:00,0.558
7/26/2025 1:00,0.56
7/26/2025 2:00,0.559
7/26/2025 3:00,0.558
7/26/2025 4:00,0.546
7/26/2025 5:00,0.549
7/26/2025 6:00,0.546
7/26/2025 7:00,0.553
7/26/2025 8:00,0.549
7/26/2025 9:00,0.565
7/26/2025 10:00,0.543
7/26/2025 11:00,0.571
7/26/2025 12:00,0.581
7/26/2025 13:00,0.563
7/26/2025 14:00,0.58
7/26/2025 15:00,0.575
7/26/2025 16:00,0.559
7/26/2025 17:00,0.56
7/26/2025 18:00,0.568
7/26/2025 19:00,0.604
7/26/2025 20:00,0.573
7/26/2025 21:00,0.56
7/26/2025 22:00,0.566
7/26/2025 23:00,0.573
7/27/2025 0:00,0.581
7/27/2025 1:00,0.587
7/27/2025 2:00,0.591
7/27/2025 3:00,0.582
7/27/2025 4:00,0.588
7/27/2025 5:00,0.572
7/27/2025 6:00,0.563
7/27/2025 7:00,0.561
7/27/2025 8:00,0.552
7/27/2025 9:00,0.547
7/27/2025 10:00,0.539
7/27/2025 11:00,0.532
7/27/2025 12:00,0.532
7/27/2025 13:00,0.517
7/27/2025 14:00,0.524
7/27/2025 15:00,0.498
7/27/2025 16:00,0.499
7/27/2025 17:00,0.485
7/27/2025 18:00,0.468
7/27/2025 19:00,0.48
7/27/2025 20:00,0.464
7/27/2025 21:00,0.461
7/27/2025 22:00,0.465
7/27/2025 23:00,0.459
7/28/2025 0:00,0.434
7/28/2025 1:00,0.475
7/28/2025 2:00,0.489
7/28/2025 3:00,0.502
7/28/2025 4:00,0.482
7/28/2025 5:00,0.478
7/28/2025 6:00,0.481
7/28/2025 7:00,0.486
7/28/2025 8:00,0.467
7/28/2025 9:00,0.463
7/28/2025 10:00,0.457
7/28/2025 11:00,0.479
7/28/2025 12:00,0.471
7/28/2025 13:00,0.464
7/28/2025 14:00,0.463
7/28/2025 15:00,0.452
7/28/2025 16:00,0.429
7/28/2025 17:00,0.428
7/28/2025 18:00,0.426
7/28/2025 19:00,0.411
7/28/2025 20:00,0.391
7/28/2025 21:00,0.38
7/28/2025 22:00,0.367
7/28/2025 23:00,0.375
7/29/2025 0:00,0.379
7/29/2025 1:00,0.407
7/29/2025 2:00,0.397
7/29/2025 3:00,0.407
7/29/2025 4:00,0.432
7/29/2025 5:00,0.424
7/29/2025 6:00,0.434
7/29/2025 7:00,0.445
7/29/2025 8:00,0.435
7/29/2025 9:00,0.445
7/29/2025 10:00,0.432
7/29/2025 11:00,0.446
7/29/2025 12:00,0.461
7/29/2025 13:00,0.456
7/29/2025 14:00,0.464
7/29/2025 15:00,0.48
7/29/2025 16:00,0.489
7/29/2025 17:00,0.473
7/29/2025 18:00,0.467
7/29/2025 19:00,0.467
7/29/2025 20:00,0.502
7/29/2025 21:00,0.48
7/29/2025 22:00,0.458
7/29/2025 23:00,0.451
7/30/2025 0:00,0.464
7/30/2025 1:00,0.474
7/30/2025 2:00,0.482
7/30/2025 3:00,0.499
7/30/2025 4:00,0.49
7/30/2025 5:00,0.491
7/30/2025 6:00,0.48
7/30/2025 7:00,0.491
7/30/2025 8:00,0.488
7/30/2025 9:00,0.477
7/30/2025 10:00,0.47
7/30/2025 11:00,0.454
7/30/2025 12:00,0.446
7/30/2025 13:00,0.451
7/30/2025 14:00,0.449
7/30/2025 15:00,0.44
7/30/2025 16:00,0.431
7/30/2025 17:00,0.431
7/30/2025 18:00,0.4
7/30/2025 19:00,0.421
7/30/2025 20:00,0.407
7/30/2025 21:00,0.396
7/30/2025 22:00,0.417
7/30/2025 23:00,0.395
7/31/2025 0:00,0.408
7/31/2025 1:00,0.419
7/31/2025 2:00,0.409
7/31/2025 3:00,0.43
7/31/2025 4:00,0.418
7/31/2025 5:00,0.412
7/31/2025 6:00,0.428
7/31/2025 7:00,0.423
7/31/2025 8:00,0.415
7/31/2025 9:00,0.426
7/31/2025 10:00,0.411
7/31/2025 11:00,0.41
7/31/2025 12:00,0.413
7/31/2025 13:00,0.42
7/31/2025 14:00,0.425
7/31/2025 15:00,0.416
7/31/2025 16:00,0.405
7/31/2025 17:00,0.399
7/31/2025 18:00,0.408
7/31/2025 19:00,0.386
7/31/2025 20:00,0.386
7/31/2025 21:00,0.385
7/31/2025 22:00,0.37
7/31/2025 23:00,0.374
8/1/2025 0:00,0.376
8/1/2025 1:00,0.381
8/1/2025 2:00,0.375
8/1/2025 3:00,0.388
8/1/2025 4:00,0.384
8/1/2025 5:00,0.397
8/1/2025 6:00,0.431
8/1/2025 7:00,0.428
8/1/2025 8:00,0.432
8/1/2025 9:00,0.423
8/1/2025 10:00,0.426
8/1/2025 11:00,0.382
8/1/2025 12:00,0.403
8/1/2025 13:00,0.405
8/1/2025 14:00,0.419
8/1/2025 15:00,0.412
8/1/2025 16:00,0.411
8/1/2025 17:00,0.401
8/1/2025 18:00,0.382
8/1/2025 19:00,0.388
8/1/2025 20:00,0.387
8/1/2025 21:00,0.343
8/1/2025 22:00,0.343
8/1/2025 23:00,0.331
8/2/2025 0:00,0.342
8/2/2025 1:00,0.341
8/2/2025 2:00,0.321
8/2/2025 3:00,0.312
8/2/2025 4:00,0.316
8/2/2025 5:00,0.319
8/2/2025 6:00,0.314
8/2/2025 7:00,0.312
8/2/2025 8:00,0.319
8/2/2025 9:00,0.332
8/2/2025 10:00,0.315
8/2/2025 11:00,0.316
8/2/2025 12:00,0.308
8/2/2025 13:00,0.298
8/2/2025 14:00,0.303
8/2/2025 15:00,0.29
8/2/2025 16:00,0.279
8/2/2025 17:00,0.261
8/2/2025 18:00,0.269
8/2/2025 19:00,0.257
8/2/2025 20:00,0.232
8/2/2025 21:00,0.277
8/2/2025 22:00,0.254
8/2/2025 23:00,0.271
8/3/2025 0:00,0.242
8/3/2025 1:00,0.253
8/3/2025 2:00,0.23
8/3/2025 3:00,0.245
8/3/2025 4:00,0.234
8/3/2025 5:00,0.239
8/3/2025 6:00,0.231
8/3/2025 7:00,0.236
8/3/2025 8:00,0.229
8/3/2025 9:00,0.213
8/3/2025 10:00,0.203
8/3/2025 11:00,0.195
8/3/2025 12:00,0.187
8/3/2025 13:00,0.19
8/3/2025 14:00,0.158
8/3/2025 15:00,0.162
8/3/2025 16:00,0.139
8/3/2025 17:00,0.141
8/3/2025 18:00,0.128
8/3/2025 19:00,0.11
8/3/2025 20:00,0.134
8/3/2025 21:00,0.099
8/3/2025 22:00,0.104
8/3/2025 23:00,0.111
8/4/2025 0:00,0.104
8/4/2025 1:00,0.113
8/4/2025 2:00,0.122
8/4/2025 3:00,0.115
8/4/2025 4:00,0.105
8/4/2025 5:00,0.102
8/4/2025 6:00,0.1
8/4/2025 7:00,0.107
8/4/2025 8:00,0.11
8/4/2025 9:00,0.112
8/4/2025 10:00,0.107
8/4/2025 11:00,0.106
8/4/2025 12:00,0.108
8/4/2025 13:00,0.091
8/4/2025 14:00,0.117
8/4/2025 15:00,0.109
8/4/2025 16:00,0.123
8/4/2025 17:00,0.112
8/4/2025 18:00,0.112
8/4/2025 19:00,0.113
8/4/2025 20:00,0.117
8/4/2025 21:00,0.095
8/4/2025 22:00,0.084
8/4/2025 23:00,0.096
8/5/2025 0:00,0.107
8/5/2025 1:00,0.1
8/5/2025 2:00,0.114
8/5/2025 3:00,0.123
8/5/2025 4:00,0.134
8/5/2025 5:00,0.12
8/5/2025 6:00,0.138
8/5/2025 7:00,0.149
8/5/2025 8:00,0.141
8/5/2025 9:00,0.14
8/5/2025 10:00,0.131
8/5/2025 11:00,0.108
8/5/2025 12:00,0.128
8/5/2025 13:00,0.129
8/5/2025 14:00,0.116
8/5/2025 15:00,0.104
8/5/2025 16:00,0.111
8/5/2025 17:00,0.073
8/5/2025 18:00,0.115
8/5/2025 19:00,0.089
8/5/2025 20:00,0.071
8/5/2025 21:00,0.095
8/5/2025 22:00,0.088
8/5/2025 23:00,0.074
8/6/2025 0:00,0.078
8/6/2025 0:00,0.078
8/6/2025 1:00,0.134
8/6/2025 2:00,0.093
8/6/2025 3:00,0.075
8/6/2025 4:00,0.082
8/6/2025 5:00,0.088
8/6/2025 6:00,0.081
8/6/2025 7:00,0.083
8/6/2025 8:00,0.091
8/6/2025 9:00,0.098
8/6/2025 10:00,0.079
8/6/2025 11:00,0.105
8/6/2025 12:00,0.108
8/6/2025 13:00,0.089
8/6/2025 14:00,0.089
8/6/2025 15:00,0.068
8/6/2025 16:00,0.071
8/6/2025 17:00,0.091
8/6/2025 18:00,0.093
8/6/2025 19:00,0.106
8/6/2025 20:00,0.076
8/6/2025 21:00,0.091
8/6/2025 22:00,0.149
8/6/2025 23:00,0.159
8/7/2025 0:00,0.144
8/7/2025 1:00,0.145
8/7/2025 2:00,0.154
8/7/2025 3:00,0.157
8/7/2025 4:00,0.165
8/7/2025 5:00,0.165
8/7/2025 6:00,0.166
8/7/2025 7:00,0.164
8/7/2025 8:00,0.167
8/7/2025 9:00,0.155
8/7/2025 10:00,0.164
8/7/2025 11:00,0.157
8/7/2025 12:00,0.158
8/7/2025 13:00,0.163
8/7/2025 14:00,0.156
8/7/2025 15:00,0.138
8/7/2025 16:00,0.139
8/7/2025 17:00,0.138
8/7/2025 18:00,0.132
8/7/2025 19:00,0.122
8/7/2025 20:00,0.142
8/7/2025 21:00,0.123
8/7/2025 22:00,0.126
8/7/2025 23:00,0.125
8/8/2025 0:00,0.132
8/8/2025 1:00,0.137
8/8/2025 2:00,0.116
8/8/2025 3:00,0.12
8/8/2025 4:00,0.111
8/8/2025 5:00,0.107
8/8/2025 6:00,0.105
8/8/2025 7:00,0.088
8/8/2025 8:00,0.083
8/8/2025 9:00,0.069
8/8/2025 10:00,0.088
8/8/2025 11:00,0.058
8/8/2025 12:00,0.059
8/8/2025 13:00,0.045
8/8/2025 14:00,0.048
8/8/2025 15:00,0.034
8/8/2025 16:00,0.02
8/8/2025 17:00,0.004
8/8/2025 18:00,0.0
8/8/2025 19:00,-0.021
8/8/2025 20:00,0.005
8/8/2025 21:00,0.011
8/8/2025 22:00,-0.001
8/8/2025 23:00,0.017
8/9/2025 0:00,0.026
8/9/2025 1:00,0.016
8/9/2025 2:00,0.056
8/9/2025 3:00,0.061
8/9/2025 4:00,0.072
8/9/2025 5:00,0.083
8/9/2025 6:00,0.085
8/9/2025 7:00,0.073
8/9/2025 8:00,0.075
8/9/2025 9:00,0.062
8/9/2025 10:00,0.068
8/9/2025 11:00,0.047
8/9/2025 12:00,0.04
8/9/2025 13:00,0.022
8/9/2025 14:00,-0.002
8/9/2025 15:00,-0.02
8/9/2025 16:00,-0.018
8/9/2025 17:00,-0.033
8/9/2025 18:00,-0.03
8/9/2025 19:00,-0.044
8/9/2025 20:00,-0.043
8/9/2025 21:00,0.031
8/9/2025 22:00,-0.007
8/9/2025 23:00,-0.039
8/10/2025 0:00,-0.004
8/10/2025 1:00,0.004
8/10/2025 2:00,-0.013
8/10/2025 3:00,-0.003
8/10/2025 4:00,0.015
8/10/2025 5:00,-0.005
8/10/2025 6:00,0.013
8/10/2025 7:00,0.0
8/10/2025 8:00,0.02
8/10/2025 9:00,-0.003
8/10/2025 10:00,-0.019
8/10/2025 11:00,-0.016
8/10/2025 12:00,-0.014
8/10/2025 13:00,-0.043
8/10/2025 14:00,-0.057
8/10/2025 15:00,-0.028
8/10/2025 16:00,-0.042
8/10/2025 17:00,-0.06
8/10/2025 18:00,-0.045
8/10/2025 19:00,-0.068
8/10/2025 20:00,-0.044
8/10/2025 21:00,-0.027
8/10/2025 22:00,-0.021
8/10/2025 23:00,0.008
8/11/2025 0:00,0.013
8/11/2025 1:00,0.019
8/11/2025 2:00,0.02
8/11/2025 3:00,0.029
8/11/2025 4:00,0.035
8/11/2025 5:00,0.026
8/11/2025 6:00,0.019
8/11/2025 7:00,0.033
8/11/2025 8:00,0.029
8/11/2025 9:00,0.016
8/11/2025 10:00,0.023
8/11/2025 11:00,0.025
8/11/2025 12:00,-0.002
8/11/2025 13:00,-0.002
8/11/2025 14:00,0.003
8/11/2025 15:00,-0.014
8/11/2025 16:00,-0.033
8/11/2025 17:00,-0.034
8/11/2025 18:00,-0.032
8/11/2025 19:00,-0.059
8/11/2025 20:00,-0.067
8/11/2025 21:00,-0.055
8/11/2025 22:00,-0.06
8/11/2025 23:00,-0.064
8/12/2025 0:00,-0.051
8/12/2025 1:00,-0.04
8/12/2025 2:00,-0.037
8/12/2025 3:00,-0.04
8/12/2025 4:00,-0.063
8/12/2025 5:00,-0.063
8/12/2025 6:00,-0.042
8/12/2025 7:00,-0.043
8/12/2025 8:00,-0.049
8/12/2025 9:00,-0.014
8/12/2025 10:00,-0.041
8/12/2025 11:00,-0.038
8/12/2025 12:00,-0.046
8/12/2025 13:00,-0.054
8/12/2025 14:00,-0.052
8/12/2025 15:00,-0.081
8/12/2025 16:00,-0.071
8/12/2025 17:00,-0.096
8/12/2025 18:00,-0.088
8/12/2025 19:00,-0.09
8/12/2025 20:00,-0.086
8/12/2025 21:00,-0.117
8/12/2025 22:00,-0.074
8/12/2025 23:00,-0.083
8/13/2025 0:00,-0.074
8/13/2025 1:00,-0.05
8/13/2025 2:00,-0.036
8/13/2025 3:00,-0.02
8/13/2025 4:00,-0.001
8/13/2025 5:00,0.006
8/13/2025 6:00,0.014
8/13/2025 7:00,0.011
8/13/2025 8:00,-0.014
8/13/2025 9:00,0.009
8/13/2025 10:00,0.004
8/13/2025 11:00,0.005
8/13/2025 12:00,-0.001
8/13/2025 13:00,0.0
8/13/2025 14:00,-0.003
8/13/2025 15:00,-0.001
8/13/2025 16:00,-0.011
8/13/2025 17:00,-0.007
8/13/2025 18:00,0.0
8/13/2025 19:00,-0.006
8/13/2025 20:00,0.003
8/13/2025 21:00,-0.021
8/13/2025 22:00,-0.02
8/13/2025 23:00,-0.008
8/14/2025 0:00,0.016
8/14/2025 1:00,0.017
8/14/2025 2:00,0.029
8/14/2025 3:00,0.051
8/14/2025 4:00,0.073
8/14/2025 5:00,0.047
8/14/2025 6:00,0.06
8/14/2025 7:00,0.073
8/14/2025 8:00,0.092
8/14/2025 9:00,0.099
8/14/2025 10:00,0.101
8/14/2025 11:00,0.109
8/14/2025 12:00,0.129
8/14/2025 13:00,0.16
8/14/2025 14:00,0.154
8/14/2025 15:00,0.15
8/14/2025 16:00,0.151
8/14/2025 17:00,0.144
8/14/2025 18:00,0.155
8/14/2025 19:00,0.123
8/14/2025 20:00,0.1
8/14/2025 21:00,0.115
8/14/2025 22:00,0.115
8/14/2025 23:00,0.106
8/15/2025 0:00,0.117
8/15/2025 1:00,0.128
8/15/2025 2:00,0.125
8/15/2025 3:00,0.13
8/15/2025 4:00,0.113
8/15/2025 5:00,0.127
8/15/2025 6:00,0.124
8/15/2025 7:00,0.122
8/15/2025 8:00,0.109
8/15/2025 9:00,0.098
8/15/2025 10:00,0.123
8/15/2025 11:00,0.082
8/15/2025 12:00,0.068
8/15/2025 13:00,0.062
8/15/2025 14:00,0.07
8/15/2025 15:00,0.035
8/15/2025 16:00,0.045
8/15/2025 17:00,0.019
8/15/2025 18:00,0.026
8/15/2025 19:00,-0.01
8/15/2025 20:00,-0.016
8/15/2025 21:00,0.004
8/15/2025 22:00,-0.03
8/15/2025 23:00,-0.018
8/16/2025 0:00,-0.02
8/16/2025 1:00,-0.015
8/16/2025 2:00,-0.032
8/16/2025 3:00,-0.025
8/16/2025 4:00,-0.028
8/16/2025 5:00,-0.017
8/16/2025 6:00,-0.031
8/16/2025 7:00,-0.027
8/16/2025 8:00,-0.028
8/16/2025 9:00,-0.01
8/16/2025 10:00,-0.007
8/16/2025 11:00,-0.044
8/16/2025 12:00,-0.05
8/16/2025 13:00,-0.041
8/16/2025 14:00,-0.028
8/16/2025 15:00,-0.054
8/16/2025 16:00,-0.067
8/16/2025 17:00,-0.042
8/16/2025 18:00,-0.142
8/16/2025 19:00,-0.02
8/16/2025 20:00,-0.04
8/16/2025 21:00,-0.067
8/16/2025 22:00,-0.042
8/16/2025 23:00,-0.04
8/17/2025 0:00,-0.023
8/17/2025 1:00,-0.01
8/17/2025 2:00,0.082
8/17/2025 3:00,-0.032
8/17/2025 4:00,-0.025
8/17/2025 5:00,0.032
8/17/2025 6:00,-0.002
8/17/2025 7:00,-0.006
8/17/2025 8:00,0.002
8/17/2025 9:00,0.024
8/17/2025 10:00,0.003
8/17/2025 11:00,-0.024
8/17/2025 12:00,-0.025
8/17/2025 13:00,0.037
8/17/2025 14:00,0.046
8/17/2025 15:00,0.047
8/17/2025 16:00,0.05
8/17/2025 17:00,0.06
8/17/2025 18:00,0.059
8/17/2025 19:00,0.042
8/17/2025 20:00,0.04
8/17/2025 21:00,0.046
8/17/2025 22:00,0.039
8/17/2025 23:00,0.051
8/18/2025 0:00,0.014
8/18/2025 1:00,0.017
8/18/2025 2:00,0.032
8/18/2025 3:00,0.037
8/18/2025 4:00,0.049
8/18/2025 5:00,0.037
8/18/2025 6:00,0.031
8/18/2025 7:00,0.017
8/18/2025 8:00,0.012
8/18/2025 9:00,0.02
8/18/2025 10:00,-0.003
8/18/2025 11:00,-0.018
8/18/2025 12:00,-0.044
8/18/2025 13:00,0.001
8/18/2025 14:00,-0.059
8/18/2025 15:00,-0.038
8/18/2025 16:00,-0.044
8/18/2025 17:00,-0.046
8/18/2025 18:00,-0.051
8/18/2025 19:00,-0.067
8/18/2025 20:00,-0.079
8/18/2025 21:00,-0.075
8/18/2025 22:00,-0.067
8/18/2025 23:00,-0.055
8/19/2025 0:00,-0.08
8/19/2025 1:00,-0.077
8/19/2025 2:00,-0.047
8/19/2025 3:00,-0.071
8/19/2025 4:00,-0.083
8/19/2025 5:00,-0.081
8/19/2025 6:00,-0.088
8/19/2025 7:00,-0.089
8/19/2025 8:00,-0.073
8/19/2025 9:00,-0.094
8/19/2025 10:00,-0.099
8/19/2025 11:00,-0.123
8/19/2025 12:00,-0.094
8/19/2025 13:00,-0.129
8/19/2025 14:00,-0.119
8/19/2025 15:00,-0.154
8/19/2025 16:00,-0.118
8/19/2025 17:00,-0.15
8/19/2025 18:00,-0.149
8/19/2025 19:00,-0.134
8/19/2025 20:00,-0.163
8/19/2025 21:00,-0.069
8/19/2025 22:00,-0.15
8/19/2025 23:00,-0.095
8/20/2025 0:00,-0.133
8/20/2025 1:00,-0.128
8/20/2025 2:00,-0.125
8/20/2025 3:00,-0.121
8/20/2025 4:00,-0.113
8/20/2025 5:00,-0.115
8/20/2025 6:00,-0.118
8/20/2025 7:00,-0.108
8/20/2025 8:00,-0.089
8/20/2025 9:00,-0.089
8/20/2025 10:00,-0.086
8/20/2025 11:00,-0.079
8/20/2025 12:00,-0.074
8/20/2025 13:00,-0.077
8/20/2025 14:00,-0.083
8/20/2025 15:00,-0.093
8/20/2025 16:00,-0.105
8/20/2025 17:00,-0.108
8/20/2025 18:00,-0.112
8/20/2025 19:00,-0.093
8/20/2025 20:00,-0.095
8/20/2025 21:00,-0.099
8/20/2025 22:00,-0.11
8/20/2025 23:00,-0.076
8/21/2025 0:00,-0.079
8/21/2025 1:00,-0.093
8/21/2025 2:00,-0.097
8/21/2025 3:00,-0.115
8/21/2025 4:00,-0.103
8/21/2025 5:00,-0.135
8/21/2025 6:00,-0.108
8/21/2025 7:00,-0.132
8/21/2025 8:00,-0.134
8/21/2025 9:00,-0.115
8/21/2025 10:00,-0.13
8/21/2025 11:00,-0.126
8/21/2025 12:00,-0.156
8/21/2025 13:00,-0.163
8/21/2025 14:00,-0.2
8/21/2025 15:00,-0.162
8/21/2025 16:00,-0.186
8/21/2025 17:00,-0.179
8/21/2025 18:00,-0.154
8/21/2025 19:00,-0.165
8/21/2025 20:00,-0.132
8/21/2025 21:00,-0.133
8/21/2025 22:00,-0.121
8/21/2025 23:00,-0.096
8/22/2025 0:00,-0.081
8/22/2025 1:00,-0.063
8/22/2025 2:00,-0.08
8/22/2025 3:00,-0.067
8/22/2025 4:00,-0.058
8/22/2025 5:00,-0.08
8/22/2025 6:00,-0.061
8/22/2025 7:00,-0.063
8/22/2025 8:00,-0.077
8/22/2025 9:00,-0.037
8/22/2025 10:00,-0.091
8/22/2025 11:00,-0.08
8/22/2025 12:00,-0.094
8/22/2025 13:00,-0.116
8/22/2025 14:00,-0.102
8/22/2025 15:00,-0.11
8/22/2025 16:00,-0.123
8/22/2025 17:00,-0.128
8/22/2025 18:00,-0.107
8/22/2025 19:00,-0.147
8/22/2025 20:00,-0.091
8/22/2025 21:00,-0.104
8/22/2025 22:00,-0.077
8/22/2025 23:00,-0.055
8/23/2025 0:00,-0.058
8/23/2025 1:00,-0.051
8/23/2025 2:00,-0.04
8/23/2025 3:00,-0.002
8/23/2025 4:00,-0.022
8/23/2025 5:00,-0.032
8/23/2025 6:00,-0.034
8/23/2025 7:00,-0.035
8/23/2025 8:00,-0.038
8/23/2025 9:00,-0.036
8/23/2025 10:00,-0.049
8/23/2025 11:00,-0.039
8/23/2025 12:00,-0.032
8/23/2025 13:00,-0.04
8/23/2025 14:00,-0.049
8/23/2025 15:00,-0.056
8/23/2025 16:00,-0.071
8/23/2025 17:00,-0.055
8/23/2025 18:00,0.037
8/23/2025 19:00,-0.113
8/23/2025 20:00,-0.082
8/23/2025 21:00,-0.058
8/23/2025 22:00,-0.086
8/23/2025 23:00,-0.048
8/24/2025 0:00,-0.05
8/24/2025 1:00,-0.057
8/24/2025 2:00,-0.04
8/24/2025 3:00,-0.061
8/24/2025 4:00,-0.055
8/24/2025 5:00,-0.063
8/24/2025 6:00,-0.073
8/24/2025 7:00,-0.072
8/24/2025 8:00,-0.094
8/24/2025 9:00,-0.107
8/24/2025 10:00,-0.115
8/24/2025 11:00,-0.118
8/24/2025 12:00,-0.115
8/24/2025 13:00,-0.136
8/24/2025 14:00,-0.127
8/24/2025 15:00,-0.134
8/24/2025 16:00,-0.141
8/24/2025 17:00,-0.165
8/24/2025 18:00,-0.154
8/24/2025 19:00,-0.156
8/24/2025 20:00,-0.153
8/24/2025 21:00,-0.146
8/24/2025 22:00,-0.137
8/24/2025 23:00,-0.116
8/25/2025 0:00,-0.103
8/25/2025 1:00,-0.1
8/25/2025 2:00,-0.101
8/25/2025 3:00,-0.093
8/25/2025 4:00,-0.074
8/25/2025 5:00,-0.076
8/25/2025 6:00,-0.087
8/25/2025 7:00,-0.075
8/25/2025 8:00,-0.081
8/25/2025 9:00,-0.091
8/25/2025 10:00,-0.065
8/25/2025 11:00,-0.077
8/25/2025 12:00,-0.085
8/25/2025 13:00,-0.124
8/25/2025 14:00,-0.08
8/25/2025 15:00,-0.084
8/25/2025 16:00,-0.119
8/25/2025 17:00,-0.084
8/25/2025 18:00,-0.113
8/25/2025 19:00,-0.099
8/25/2025 20:00,-0.102
8/25/2025 21:00,-0.12
8/25/2025 22:00,-0.091
8/25/2025 23:00,-0.103
8/26/2025 0:00,-0.069
8/26/2025 1:00,-0.074
8/26/2025 2:00,-0.076
8/26/2025 3:00,-0.062
8/26/2025 4:00,-0.077
8/26/2025 5:00,-0.05
8/26/2025 6:00,-0.081
8/26/2025 7:00,-0.093
8/26/2025 8:00,-0.076
8/26/2025 9:00,-0.103
8/26/2025 10:00,-0.095
8/26/2025 11:00,-0.11
8/26/2025 12:00,-0.103
8/26/2025 13:00,-0.102
8/26/2025 14:00,-0.091
8/26/2025 15:00,-0.116
8/26/2025 16:00,-0.116
8/26/2025 17:00,-0.105
8/26/2025 18:00,-0.124
8/26/2025 19:00,-0.142
8/26/2025 20:00,-0.088
8/26/2025 21:00,-0.188
8/26/2025 22:00,-0.125
8/26/2025 23:00,-0.143
8/27/2025 0:00,-0.138
8/27/2025 1:00,-0.123
8/27/2025 2:00,-0.126
8/27/2025 3:00,-0.112
8/27/2025 4:00,-0.102
8/27/2025 5:00,-0.117
8/27/2025 6:00,-0.097
8/27/2025 7:00,-0.116
8/27/2025 8:00,-0.107
8/27/2025 9:00,-0.112
8/27/2025 10:00,-0.111
8/27/2025 11:00,-0.117
8/27/2025 12:00,-0.135
8/27/2025 13:00,-0.153
8/27/2025 14:00,-0.163
8/27/2025 15:00,-0.153
8/27/2025 16:00,-0.172
8/27/2025 17:00,-0.156
8/27/2025 18:00,-0.164
8/27/2025 19:00,-0.173
8/27/2025 20:00,-0.182
8/27/2025 21:00,-0.175
8/27/2025 22:00,-0.19
8/27/2025 23:00,-0.158
8/28/2025 0:00,-0.227
8/28/2025 1:00,-0.137
8/28/2025 2:00,-0.146
8/28/2025 3:00,-0.151
8/28/2025 4:00,-0.163
8/28/2025 5:00,-0.142
8/28/2025 6:00,-0.156
8/28/2025 7:00,-0.147
8/28/2025 8:00,-0.148
8/28/2025 9:00,-0.159
8/28/2025 10:00,-0.168
8/28/2025 11:00,-0.154
8/28/2025 12:00,-0.16
8/28/2025 13:00,-0.131
8/28/2025 14:00,-0.128
8/28/2025 15:00,-0.121
8/28/2025 16:00,-0.136
8/28/2025 17:00,-0.144
8/28/2025 18:00,-0.148
8/28/2025 19:00,-0.15
8/28/2025 20:00,-0.132
8/28/2025 21:00,-0.145
8/28/2025 22:00,-0.13
8/28/2025 23:00,-0.138
8/29/2025 0:00,-0.137
8/29/2025 1:00,-0.133
8/29/2025 2:00,-0.128
8/29/2025 3:00,-0.13
8/29/2025 4:00,-0.128
8/29/2025 5:00,-0.138
8/29/2025 6:00,-0.139
8/29/2025 7:00,-0.135
8/29/2025 8:00,-0.124
8/29/2025 9:00,-0.134
8/29/2025 10:00,-0.113
8/29/2025 11:00,-0.133
8/29/2025 12:00,-0.094
8/29/2025 13:00,-0.11
8/29/2025 14:00,-0.087
8/29/2025 15:00,-0.097
8/29/2025 16:00,-0.092
8/29/2025 17:00,-0.097
8/29/2025 18:00,-0.108
8/29/2025 19:00,-0.096
8/29/2025 20:00,-0.087
8/29/2025 21:00,-0.094
8/29/2025 22:00,-0.105
8/29/2025 23:00,-0.095
8/30/2025 0:00,-0.096
8/30/2025 1:00,-0.09
8/30/2025 2:00,-0.083
8/30/2025 3:00,-0.08
8/30/2025 4:00,-0.096
8/30/2025 5:00,-0.087
8/30/2025 6:00,-0.077
8/30/2025 7:00,-0.088
8/30/2025 8:00,-0.082
8/30/2025 9:00,-0.091
8/30/2025 10:00,-0.095
8/30/2025 11:00,-0.13
8/30/2025 12:00,-0.103
8/30/2025 13:00,-0.12
8/30/2025 14:00,-0.112
8/30/2025 15:00,-0.103
8/30/2025 16:00,-0.098
8/30/2025 17:00,-0.084
8/30/2025 18:00,-0.267
8/30/2025 19:00,-0.001
8/30/2025 20:00,-0.055
8/30/2025 21:00,-0.096
8/30/2025 22:00,-0.047
8/30/2025 23:00,-0.091
8/31/2025 0:00,-0.084
8/31/2025 1:00,-0.109
8/31/2025 2:00,-0.085
8/31/2025 3:00,-0.103
8/31/2025 4:00,-0.105
8/31/2025 5:00,-0.103
8/31/2025 6:00,-0.134
8/31/2025 7:00,-0.108
8/31/2025 8:00,-0.157
8/31/2025 9:00,-0.134
8/31/2025 10:00,-0.153
8/31/2025 11:00,-0.168
8/31/2025 12:00,-0.156
8/31/2025 13:00,-0.189
8/31/2025 14:00,-0.166
8/31/2025 15:00,-0.191
8/31/2025 16:00,-0.179
8/31/2025 17:00,-0.196
8/31/2025 18:00,-0.203
8/31/2025 19:00,-0.193
8/31/2025 20:00,-0.208
8/31/2025 21:00,-0.2
8/31/2025 22:00,-0.218
8/31/2025 23:00,-0.197
9/1/2025 0:00,-0.224
9/1/2025 1:00,-0.228
9/1/2025 2:00,-0.224
9/1/2025 3:00,-0.228
9/1/2025 4:00,-0.23
9/1/2025 5:00,-0.234
9/1/2025 6:00,-0.248
9/1/2025 7:00,-0.24
9/1/2025 8:00,-0.27
9/1/2025 9:00,-0.236
9/1/2025 10:00,-0.277
9/1/2025 11:00,-0.248
9/1/2025 12:00,-0.27
9/1/2025 13:00,-0.284
9/1/2025 14:00,-0.274
9/1/2025 15:00,-0.284
9/1/2025 16:00,-0.302
9/1/2025 17:00,-0.269
9/1/2025 18:00,-0.271
9/1/2025 19:00,-0.277
9/1/2025 20:00,-0.272
9/1/2025 21:00,-0.278
9/1/2025 22:00,-0.271
9/1/2025 23:00,-0.256
9/2/2025 0:00,-0.251
9/2/2025 1:00,-0.264
9/2/2025 2:00,-0.244
9/2/2025 3:00,-0.24
9/2/2025 4:00,-0.266
9/2/2025 5:00,-0.24
9/2/2025 6:00,-0.254
9/2/2025 7:00,-0.245
9/2/2025 8:00,-0.254
9/2/2025 9:00,-0.233
9/2/2025 10:00,-0.235
9/2/2025 11:00,-0.266
9/2/2025 12:00,-0.233
9/2/2025 13:00,-0.256
9/2/2025 14:00,-0.241
9/2/2025 15:00,-0.253
9/2/2025 16:00,-0.268
9/2/2025 17:00,-0.245
9/2/2025 18:00,-0.268
9/2/2025 19:00,-0.276
9/2/2025 20:00,-0.254
9/2/2025 21:00,-0.265
9/2/2025 22:00,-0.287
9/2/2025 23:00,-0.261
9/3/2025 0:00,-0.279
9/3/2025 1:00,-0.324
9/3/2025 2:00,-0.28
9/3/2025 3:00,-0.283
9/3/2025 4:00,-0.314
9/3/2025 5:00,-0.274
9/3/2025 6:00,-0.332
9/3/2025 7:00,-0.299
9/3/2025 8:00,-0.32
9/3/2025 9:00,-0.316
9/3/2025 10:00,-0.298
9/3/2025 11:00,-0.358
9/3/2025 12:00,-0.306
9/3/2025 13:00,-0.306
9/3/2025 14:00,-0.342
9/3/2025 15:00,-0.308
9/3/2025 16:00,-0.323
9/3/2025 17:00,-0.33
9/3/2025 18:00,-0.302
9/3/2025 19:00,-0.344
9/3/2025 20:00,-0.309
9/3/2025 21:00,-0.339
9/3/2025 22:00,-0.297
9/3/2025 23:00,-0.325
9/4/2025 0:00,-0.3
9/4/2025 1:00,-0.295
9/4/2025 2:00,-0.295
9/4/2025 3:00,-0.285
9/4/2025 4:00,-0.276
9/4/2025 5:00,-0.3
9/4/2025 6:00,-0.283
9/4/2025 7:00,-0.295
9/4/2025 8:00,-0.288
9/4/2025 9:00,-0.287
9/4/2025 10:00,-0.288
9/4/2025 11:00,-0.3
9/4/2025 12:00,-0.299
9/4/2025 13:00,-0.307
9/4/2025 14:00,-0.31
9/4/2025 15:00,-0.306
9/4/2025 16:00,-0.332
9/4/2025 17:00,-0.313
9/4/2025 18:00,-0.33
9/4/2025 19:00,-0.364
9/4/2025 20:00,-0.335
9/4/2025 21:00,-0.363
9/4/2025 22:00,-0.359
9/4/2025 23:00,-0.301
9/5/2025 0:00,-0.316
9/5/2025 1:00,-0.264
9/5/2025 2:00,-0.275
9/5/2025 3:00,-0.254
9/5/2025 4:00,-0.274
9/5/2025 5:00,-0.247
9/5/2025 6:00,-0.268
9/5/2025 7:00,-0.279
9/5/2025 8:00,-0.267
9/5/2025 9:00,-0.271
9/5/2025 10:00,-0.276
9/5/2025 11:00,-0.277
9/5/2025 12:00,-0.287
9/5/2025 13:00,-0.292
9/5/2025 14:00,-0.311
9/5/2025 15:00,-0.303
9/5/2025 16:00,-0.297
9/5/2025 17:00,-0.314
9/5/2025 18:00,-0.245
9/5/2025 19:00,-0.326
9/5/2025 20:00,-0.273
9/5/2025 21:00,-0.3
9/5/2025 22:00,-0.296
9/5/2025 23:00,-0.276
9/6/2025 0:00,-0.262
9/6/2025 0:00,-0.262
9/6/2025 1:00,-0.285
9/6/2025 2:00,-0.268
9/6/2025 3:00,-0.282
9/6/2025 4:00,-0.295
9/6/2025 5:00,-0.272
9/6/2025 6:00,-0.281
9/6/2025 7:00,-0.285
9/6/2025 8:00,-0.292
9/6/2025 9:00,-0.3
9/6/2025 10:00,-0.296
9/6/2025 11:00,-0.292
9/6/2025 12:00,-0.292
9/6/2025 13:00,-0.299
9/6/2025 14:00,-0.307
9/6/2025 15:00,-0.3
9/6/2025 16:00,-0.285
9/6/2025 17:00,-0.315
9/6/2025 18:00,-0.305
9/6/2025 19:00,-0.326
9/6/2025 20:00,-0.275
9/6/2025 21:00,-0.299
9/6/2025 22:00,-0.284
9/6/2025 23:00,-0.26
9/7/2025 0:00,-0.277
9/7/2025 1:00,-0.238
9/7/2025 2:00,-0.276
9/7/2025 3:00,-0.273
9/7/2025 4:00,-0.248
9/7/2025 5:00,-0.29
9/7/2025 6:00,-0.145
9/7/2025 7:00,-0.349
9/7/2025 8:00,-0.215
9/7/2025 9:00,-0.31
9/7/2025 10:00,-0.251
9/7/2025 11:00,-0.269
9/7/2025 12:00,-0.286
9/7/2025 13:00,-0.271
9/7/2025 14:00,-0.298
9/7/2025 15:00,-0.274
9/7/2025 16:00,-0.283
9/7/2025 17:00,-0.32
9/7/2025 18:00,-0.334
9/7/2025 19:00,-0.329
9/7/2025 20:00,-0.339
9/7/2025 21:00,-0.3
9/7/2025 22:00,-0.293
9/7/2025 23:00,-0.287
9/8/2025 0:00,-0.292
9/8/2025 1:00,-0.3
9/8/2025 2:00,-0.29
9/8/2025 3:00,-0.283
9/8/2025 4:00,-0.293
9/8/2025 5:00,-0.292
9/8/2025 6:00,-0.3
9/8/2025 7:00,-0.298
9/8/2025 8:00,-0.283
9/8/2025 9:00,-0.282
9/8/2025 10:00,-0.273
9/8/2025 11:00,-0.285
9/8/2025 12:00,-0.275
9/8/2025 13:00,-0.272
9/8/2025 14:00,-0.284
9/8/2025 15:00,-0.281
9/8/2025 16:00,-0.281
9/8/2025 17:00,-0.316
9/8/2025 18:00,-0.298
9/8/2025 19:00,-0.304
9/8/2025 20:00,-0.313
9/8/2025 21:00,-0.303
9/8/2025 22:00,-0.3
9/8/2025 23:00,-0.29
9/9/2025 0:00,-0.275
9/9/2025 1:00,-0.262
9/9/2025 2:00,-0.274
9/9/2025 3:00,-0.272
9/9/2025 4:00,-0.251
9/9/2025 5:00,-0.26
9/9/2025 6:00,-0.267
9/9/2025 7:00,-0.26
9/9/2025 8:00,-0.28
9/9/2025 9:00,-0.239
9/9/2025 10:00,-0.297
9/9/2025 11:00,-0.211
9/9/2025 12:00,-0.256
9/9/2025 13:00,-0.257
9/9/2025 14:00,-0.244
9/9/2025 15:00,-0.231
9/9/2025 16:00,-0.248
9/9/2025 17:00,-0.275
9/9/2025 18:00,-0.269
9/9/2025 19:00,-0.268
9/9/2025 20:00,-0.276
9/9/2025 21:00,-0.293
9/9/2025 22:00,-0.257
9/9/2025 23:00,-0.185
9/10/2025 0:00,-0.261
9/10/2025 1:00,-0.228
9/10/2025 2:00,-0.234
9/10/2025 3:00,-0.2
9/10/2025 4:00,-0.228
9/10/2025 5:00,-0.234
9/10/2025 6:00,-0.228
9/10/2025 7:00,-0.224
9/10/2025 8:00,-0.23
9/10/2025 9:00,-0.243
9/10/2025 10:00,-0.227
9/10/2025 11:00,-0.223
9/10/2025 12:00,-0.218
9/10/2025 13:00,-0.207
9/10/2025 14:00,-0.219
9/10/2025 15:00,-0.213
9/10/2025 16:00,-0.224
9/10/2025 17:00,-0.222
9/10/2025 18:00,-0.204
9/10/2025 19:00,-0.265
9/10/2025 20:00,-0.227
9/10/2025 21:00,-0.243
9/10/2025 22:00,-0.234
9/10/2025 23:00,-0.23
9/11/2025 0:00,-0.209
9/11/2025 1:00,-0.219
9/11/2025 2:00,-0.198
9/11/2025 3:00,-0.205
9/11/2025 4:00,-0.204
9/11/2025 5:00,-0.202
9/11/2025 6:00,-0.203
9/11/2025 7:00,-0.188
9/11/2025 8:00,-0.188
9/11/2025 9:00,-0.221
9/11/2025 10:00,-0.217
9/11/2025 11:00,-0.211
9/11/2025 12:00,-0.207
9/11/2025 13:00,-0.186
9/11/2025 14:00,-0.173
9/11/2025 15:00,-0.196
9/11/2025 16:00,-0.193
9/11/2025 17:00,-0.175
9/11/2025 18:00,-0.199
9/11/2025 19:00,-0.193
9/11/2025 20:00,-0.196
9/11/2025 21:00,-0.197
9/11/2025 22:00,-0.196
9/11/2025 23:00,-0.162
9/12/2025 0:00,-0.171
9/12/2025 1:00,-0.163
9/12/2025 2:00,-0.167
9/12/2025 3:00,-0.183
9/12/2025 4:00,-0.163
9/12/2025 5:00,-0.179
9/12/2025 6:00,-0.175
9/12/2025 7:00,-0.18
9/12/2025 8:00,-0.187
9/12/2025 9:00,-0.2
9/12/2025 10:00,-0.207
9/12/2025 11:00,-0.201
9/12/2025 12:00,-0.174
9/12/2025 13:00,-0.183
9/12/2025 14:00,-0.158
9/12/2025 15:00,-0.17
9/12/2025 16:00,-0.174
9/12/2025 17:00,-0.206
9/12/2025 18:00,-0.203
9/12/2025 19:00,-0.197
9/12/2025 20:00,-0.226
9/12/2025 21:00,-0.194
9/12/2025 22:00,-0.188
9/12/2025 23:00,-0.217
9/13/2025 0:00,-0.205
9/13/2025 1:00,-0.232
9/13/2025 2:00,-0.22
9/13/2025 3:00,-0.233
9/13/2025 4:00,-0.22
9/13/2025 5:00,-0.225
9/13/2025 6:00,-0.233
9/13/2025 7:00,-0.234
9/13/2025 8:00,-0.232
9/13/2025 9:00,-0.231
9/13/2025 10:00,-0.241
9/13/2025 11:00,-0.238
9/13/2025 12:00,-0.246
9/13/2025 13:00,-0.232
9/13/2025 14:00,-0.229
9/13/2025 15:00,-0.22
9/13/2025 16:00,-0.228
9/13/2025 17:00,-0.261
9/13/2025 18:00,-0.246
9/13/2025 19:00,-0.238
9/13/2025 20:00,-0.247
9/13/2025 21:00,-0.273
9/13/2025 22:00,-0.2
9/13/2025 23:00,-0.266
9/14/2025 0:00,-0.268
9/14/2025 1:00,-0.304
9/14/2025 2:00,-0.238
9/14/2025 3:00,-0.259
9/14/2025 4:00,-0.248
9/14/2025 5:00,-0.262
9/14/2025 6:00,-0.248
9/14/2025 7:00,-0.258
9/14/2025 8:00,-0.315
9/14/2025 9:00,-0.235
9/14/2025 10:00,-0.203
9/14/2025 11:00,-0.274
9/14/2025 12:00,-0.267
9/14/2025 13:00,-0.251
9/14/2025 14:00,-0.243
9/14/2025 15:00,-0.238
9/14/2025 16:00,-0.231
9/14/2025 17:00,-0.253
9/14/2025 18:00,-0.252
9/14/2025 19:00,-0.255
9/14/2025 20:00,-0.243
9/14/2025 21:00,-0.25
9/14/2025 22:00,-0.237
9/14/2025 23:00,-0.29
9/15/2025 0:00,-0.325
9/15/2025 1:00,-0.259
9/15/2025 2:00,-0.227
9/15/2025 3:00,-0.233
9/15/2025 4:00,-0.241
9/15/2025 5:00,-0.248
9/15/2025 6:00,-0.258
9/15/2025 7:00,-0.259
9/15/2025 8:00,-0.256
9/15/2025 9:00,-0.264
9/15/2025 10:00,-0.299
9/15/2025 11:00,-0.282
9/15/2025 12:00,-0.283
9/15/2025 13:00,-0.254
9/15/2025 14:00,-0.264
9/15/2025 15:00,-0.278
9/15/2025 16:00,-0.271
9/15/2025 17:00,-0.288
9/15/2025 18:00,-0.291
9/15/2025 19:00,-0.258
9/15/2025 20:00,-0.28
9/15/2025 21:00,-0.284
9/15/2025 22:00,-0.278
9/15/2025 23:00,-0.265
9/16/2025 0:00,-0.265
9/16/2025 1:00,-0.286
9/16/2025 2:00,-0.287
9/16/2025 3:00,-0.294
9/16/2025 4:00,-0.278
9/16/2025 5:00,-0.283
9/16/2025 6:00,-0.287
9/16/2025 7:00,-0.308
9/16/2025 8:00,-0.304
9/16/2025 9:00,-0.292
9/16/2025 10:00,-0.299
9/16/2025 11:00,-0.301
9/16/2025 12:00,-0.311
9/16/2025 13:00,-0.339
9/16/2025 14:00,-0.336
9/16/2025 15:00,-0.34
9/16/2025 16:00,-0.347
9/16/2025 17:00,-0.334
9/16/2025 18:00,-0.318
9/16/2025 19:00,-0.331
9/16/2025 20:00,-0.337
9/16/2025 21:00,-0.315
9/16/2025 22:00,-0.325
9/16/2025 23:00,-0.31
9/17/2025 0:00,-0.361
9/17/2025 1:00,-0.292
9/17/2025 2:00,-0.33
9/17/2025 3:00,-0.334
9/17/2025 4:00,-0.325
9/17/2025 5:00,-0.389
9/17/2025 6:00,-0.356
9/17/2025 7:00,-0.312
9/17/2025 8:00,-0.358
9/17/2025 9:00,-0.345
9/17/2025 10:00,-0.333
9/17/2025 11:00,-0.356
9/17/2025 12:00,-0.352
9/17/2025 13:00,-0.344
9/17/2025 14:00,-0.366
9/17/2025 15:00,-0.4
9/17/2025 16:00,-0.354
9/17/2025 17:00,-0.349
9/17/2025 18:00,-0.363
9/17/2025 19:00,-0.355
9/17/2025 20:00,-0.388
9/17/2025 21:00,-0.349
9/17/2025 22:00,-0.352
9/17/2025 23:00,-0.371
9/18/2025 0:00,-0.332
9/18/2025 1:00,-0.417
9/18/2025 2:00,-0.336
9/18/2025 3:00,-0.356
9/18/2025 4:00,-0.379
9/18/2025 5:00,-0.361
9/18/2025 6:00,-0.33
9/18/2025 7:00,-0.379
9/18/2025 8:00,-0.345
9/18/2025 9:00,-0.373
9/18/2025 10:00,-0.378
9/18/2025 11:00,-0.364
9/18/2025 12:00,-0.371
9/18/2025 13:00,-0.365
9/18/2025 14:00,-0.41
9/18/2025 15:00,-0.375
9/18/2025 16:00,-0.383
9/18/2025 17:00,-0.415
9/18/2025 18:00,-0.385
9/18/2025 19:00,-0.398
9/18/2025 20:00,-0.406
9/18/2025 21:00,-0.379
9/18/2025 22:00,-0.388
9/18/2025 23:00,-0.354
9/19/2025 0:00,-0.351
9/19/2025 1:00,-0.331
9/19/2025 2:00,-0.351
9/19/2025 3:00,-0.339
9/19/2025 4:00,-0.329
9/19/2025 5:00,-0.315
9/19/2025 6:00,-0.338
9/19/2025 7:00,-0.333
9/19/2025 8:00,-0.327
9/19/2025 9:00,-0.349
9/19/2025 10:00,-0.354
9/19/2025 11:00,-0.356
9/19/2025 12:00,-0.357
9/19/2025 13:00,-0.355
9/19/2025 14:00,-0.346
9/19/2025 15:00,-0.38
9/19/2025 16:00,-0.374
9/19/2025 17:00,-0.378
9/19/2025 18:00,-0.398
9/19/2025 19:00,-0.345
9/19/2025 20:00,-0.393
9/19/2025 21:00,-0.349
9/19/2025 22:00,-0.346
9/19/2025 23:00,-0.33
9/20/2025 0:00,-0.333
9/20/2025 1:00,-0.333
9/20/2025 2:00,-0.328
9/20/2025 3:00,-0.325
9/20/2025 4:00,-0.325
9/20/2025 5:00,-0.328
9/20/2025 6:00,-0.346
9/20/2025 7:00,-0.337
9/20/2025 8:00,-0.327
9/20/2025 9:00,-0.349
9/20/2025 10:00,-0.334
9/20/2025 11:00,-0.333
9/20/2025 12:00,-0.356
9/20/2025 13:00,-0.328
9/20/2025 14:00,-0.354
9/20/2025 15:00,-0.352
9/20/2025 16:00,-0.353
9/20/2025 17:00,-0.353
9/20/2025 18:00,-0.364
9/20/2025 19:00,-0.345
9/20/2025 20:00,-0.373
9/20/2025 21:00,-0.355
9/20/2025 22:00,-0.355
9/20/2025 23:00,-0.353
9/21/2025 0:00,-0.345
9/21/2025 1:00,-0.38
9/21/2025 2:00,-0.291
9/21/2025 3:00,-0.359
9/21/2025 4:00,-0.343
9/21/2025 5:00,-0.341
9/21/2025 6:00,-0.348
9/21/2025 7:00,-0.344
9/21/2025 8:00,-0.345
9/21/2025 9:00,-0.37
9/21/2025 10:00,-0.343
9/21/2025 11:00,-0.363
9/21/2025 12:00,-0.349
9/21/2025 13:00,-0.332
9/21/2025 14:00,-0.372
9/21/2025 15:00,-0.383
9/21/2025 16:00,-0.38
9/21/2025 17:00,-0.377
9/21/2025 18:00,-0.377
9/21/2025 19:00,-0.399
9/21/2025 20:00,-0.405
9/21/2025 21:00,-0.365
9/21/2025 22:00,-0.377
9/21/2025 23:00,-0.385
9/22/2025 0:00,-0.376
9/22/2025 1:00,-0.36
9/22/2025 2:00,-0.371
9/22/2025 3:00,-0.368
9/22/2025 4:00,-0.354
9/22/2025 5:00,-0.386
9/22/2025 6:00,-0.381
9/22/2025 7:00,-0.376
9/22/2025 8:00,-0.365
9/22/2025 9:00,-0.38
9/22/2025 10:00,-0.373
9/22/2025 11:00,-0.359
9/22/2025 12:00,-0.348
9/22/2025 13:00,-0.381
9/22/2025 14:00,-0.394
9/22/2025 15:00,-0.339
9/22/2025 16:00,-0.367
9/22/2025 17:00,-0.388
9/22/2025 18:00,-0.383
9/22/2025 19:00,-0.383
9/22/2025 20:00,-0.368
9/22/2025 21:00,-0.38
9/22/2025 22:00,-0.331
9/22/2025 23:00,-0.338
9/23/2025 0:00,-0.339
9/23/2025 1:00,-0.312
9/23/2025 2:00,-0.335
9/23/2025 3:00,-0.314
9/23/2025 4:00,-0.317
9/23/2025 5:00,-0.317
9/23/2025 6:00,-0.329
9/23/2025 7:00,-0.315
9/23/2025 8:00,-0.318
9/23/2025 9:00,-0.34
9/23/2025 10:00,-0.3
9/23/2025 11:00,-0.311
9/23/2025 12:00,-0.312
9/23/2025 13:00,-0.285
9/23/2025 14:00,-0.288
9/23/2025 15:00,-0.28
9/23/2025 16:00,-0.302
9/23/2025 17:00,-0.268
9/23/2025 18:00,-0.287
9/23/2025 19:00,-0.277
9/23/2025 20:00,-0.298
9/23/2025 21:00,-0.308
9/23/2025 22:00,-0.285
9/23/2025 23:00,-0.284
9/24/2025 0:00,-0.285
9/24/2025 1:00,-0.255
9/24/2025 2:00,-0.223
9/24/2025 3:00,-0.259
9/24/2025 4:00,-0.265
9/24/2025 5:00,-0.259
9/24/2025 6:00,-0.278
9/24/2025 7:00,-0.269
9/24/2025 8:00,-0.276
9/24/2025 9:00,-0.248
9/24/2025 10:00,-0.249
9/24/2025 11:00,-0.223
9/24/2025 12:00,-0.218
9/24/2025 13:00,-0.203
9/24/2025 14:00,-0.205
9/24/2025 15:00,-0.184
9/24/2025 16:00,-0.181
9/24/2025 21:00,-0.22
9/24/2025 22:00,-0.218
9/24/2025 23:00,-0.208
9/25/2025 0:00,-0.197
9/25/2025 1:00,-0.212
9/25/2025 2:00,-0.207
9/25/2025 3:00,-0.198
9/25/2025 4:00,-0.218
9/25/2025 5:00,-0.215
9/25/2025 6:00,-0.223
9/25/2025 7:00,-0.21
9/25/2025 8:00,-0.233
9/25/2025 9:00,-0.216
9/25/2025 10:00,-0.232
9/25/2025 11:00,-0.211
9/25/2025 12:00,-0.21
9/25/2025 13:00,-0.194
9/25/2025 14:00,-0.189
9/25/2025 15:00,-0.203
9/25/2025 16:00,-0.204
9/25/2025 17:00,-0.212
9/25/2025 18:00,-0.214
9/25/2025 19:00,-0.206
9/25/2025 20:00,-0.22
9/25/2025 21:00,-0.206
9/25/2025 22:00,-0.23
9/25/2025 23:00,-0.146
9/26/2025 0:00,-0.239
9/26/2025 1:00,-0.194
9/26/2025 2:00,-0.208
9/26/2025 3:00,-0.222
9/26/2025 4:00,-0.214
9/26/2025 5:00,-0.216
9/26/2025 6:00,-0.223
9/26/2025 7:00,-0.228
9/26/2025 8:00,-0.232
9/26/2025 9:00,-0.238
9/26/2025 10:00,-0.248
9/26/2025 11:00,-0.228
9/26/2025 12:00,-0.263
9/26/2025 13:00,-0.224
9/26/2025 14:00,-0.214
9/26/2025 15:00,-0.221
9/26/2025 16:00,-0.228
9/26/2025 17:00,-0.253
9/26/2025 18:00,-0.242
9/26/2025 19:00,-0.267
9/26/2025 20:00,-0.254
9/26/2025 21:00,-0.269
9/26/2025 22:00,-0.259
9/26/2025 23:00,-0.221
9/27/2025 0:00,-0.279
9/27/2025 1:00,-0.227
9/27/2025 2:00,-0.253
9/27/2025 3:00,-0.224
9/27/2025 4:00,-0.257
9/27/2025 5:00,-0.223
9/27/2025 6:00,-0.236
9/27/2025 7:00,-0.229
9/27/2025 8:00,-0.25
9/27/2025 9:00,-0.241
9/27/2025 10:00,-0.234
9/27/2025 11:00,-0.245
9/27/2025 12:00,-0.225
9/27/2025 13:00,-0.235
9/27/2025 14:00,-0.242
9/27/2025 15:00,-0.234
9/27/2025 16:00,-0.242
9/27/2025 17:00,-0.254
9/27/2025 18:00,-0.245
9/27/2025 19:00,-0.244
9/27/2025 20:00,-0.247
9/27/2025 21:00,-0.261
9/27/2025 22:00,-0.26
9/27/2025 23:00,-0.19
9/28/2025 0:00,-0.33
9/28/2025 1:00,-0.237
9/28/2025 2:00,-0.294
9/28/2025 3:00,-0.263
9/28/2025 4:00,-0.281
9/28/2025 5:00,-0.278
9/28/2025 6:00,-0.29
9/28/2025 7:00,-0.289
9/28/2025 8:00,-0.289
9/28/2025 9:00,-0.305
9/28/2025 10:00,-0.265
9/28/2025 11:00,-0.303
9/28/2025 12:00,-0.332
9/28/2025 13:00,-0.317
9/28/2025 14:00,-0.288
9/28/2025 15:00,-0.293
9/28/2025 16:00,-0.318
9/28/2025 17:00,-0.311
9/28/2025 18:00,-0.311
9/28/2025 19:00,-0.307
9/28/2025 20:00,-0.319
9/28/2025 21:00,-0.306
9/28/2025 22:00,-0.298
9/28/2025 23:00,-0.324
9/29/2025 0:00,-0.384
9/29/2025 1:00,-0.296
9/29/2025 2:00,-0.299
9/29/2025 3:00,-0.336
9/29/2025 4:00,-0.313
9/29/2025 5:00,-0.329
9/29/2025 6:00,-0.327
9/29/2025 7:00,-0.323
9/29/2025 8:00,-0.341
9/29/2025 9:00,-0.328
9/29/2025 10:00,-0.359
9/29/2025 11:00,-0.329
9/29/2025 12:00,-0.344
9/29/2025 13:00,-0.354
9/29/2025 14:00,-0.37
9/29/2025 15:00,-0.349
9/29/2025 16:00,-0.362
9/29/2025 17:00,-0.353
9/29/2025 18:00,-0.372
9/29/2025 19:00,-0.345
9/29/2025 20:00,-0.368
9/29/2025 21:00,-0.382
9/29/2025 22:00,-0.368
9/29/2025 23:00,-0.375
9/30/2025 0:00,-0.395
9/30/2025 1:00,-0.389
9/30/2025 2:00,-0.39
9/30/2025 3:00,-0.391
9/30/2025 4:00,-0.38
9/30/2025 5:00,-0.368
9/30/2025 6:00,-0.377
9/30/2025 7:00,-0.379
9/30/2025 8:00,-0.37
9/30/2025 9:00,-0.391
9/30/2025 10:00,-0.352
9/30/2025 11:00,-0.382
9/30/2025 12:00,-0.412
9/30/2025 13:00,-0.388
9/30/2025 14:00,-0.396
9/30/2025 15:00,-0.376
9/30/2025 16:00,-0.376
9/30/2025 17:00,-0.387
9/30/2025 18:00,-0.345
9/30/2025 19:00,-0.362
9/30/2025 20:00,-0.36
9/30/2025 21:00,-0.369
9/30/2025 22:00,-0.351
9/30/2025 23:00,-0.369
10/1/2025 0:00,-0.401
10/1/2025 1:00,-0.376
10/1/2025 2:00,-0.332
10/1/2025 3:00,-0.372
10/1/2025 4:00,-0.384
10/1/2025 5:00,-0.364
10/1/2025 6:00,-0.366
10/1/2025 7:00,-0.363
10/1/2025 8:00,-0.378
10/1/2025 9:00,-0.376
10/1/2025 10:00,-0.397
10/1/2025 11:00,-0.397
10/1/2025 12:00,-0.393
10/1/2025 13:00,-0.402
10/1/2025 14:00,-0.405
10/1/2025 15:00,-0.406
10/1/2025 16:00,-0.415
10/1/2025 17:00,-0.403
10/1/2025 18:00,-0.382
10/1/2025 19:00,-0.394
10/1/2025 20:00,-0.396
10/1/2025 21:00,-0.391
10/1/2025 22:00,-0.423
10/1/2025 23:00,-0.373
10/2/2025 0:00,-0.288
10/2/2025 1:00,-0.472
10/2/2025 2:00,-0.372
10/2/2025 3:00,-0.388
10/2/2025 4:00,-0.397
10/2/2025 5:00,-0.381
10/2/2025 6:00,-0.391
10/2/2025 7:00,-0.393
10/2/2025 8:00,-0.408
10/2/2025 9:00,-0.384
10/2/2025 10:00,-0.404
10/2/2025 11:00,-0.413
10/2/2025 12:00,-0.395
10/2/2025 13:00,-0.408
10/2/2025 14:00,-0.429
10/2/2025 15:00,-0.433
10/2/2025 16:00,-0.414
10/2/2025 17:00,-0.435
10/2/2025 18:00,-0.456
10/2/2025 19:00,-0.441
10/2/2025 20:00,-0.432
10/2/2025 21:00,-0.471
10/2/2025 22:00,-0.443
10/2/2025 23:00,-0.404
10/3/2025 0:00,-0.452
10/3/2025 1:00,-0.456
10/3/2025 2:00,-0.442
10/3/2025 3:00,-0.432
10/3/2025 4:00,-0.468
10/3/2025 5:00,-0.439
10/3/2025 6:00,-0.443
10/3/2025 7:00,-0.468
10/3/2025 8:00,-0.49
10/3/2025 9:00,-0.476
10/3/2025 10:00,-0.474
10/3/2025 11:00,-0.471
10/3/2025 12:00,-0.458
10/3/2025 13:00,-0.475
10/3/2025 14:00,-0.467
10/3/2025 15:00,-0.512
10/3/2025 16:00,-0.467
10/3/2025 17:00,-0.495
10/3/2025 18:00,-0.509
10/3/2025 19:00,-0.52
10/3/2025 20:00,-0.496
10/3/2025 21:00,-0.474
10/3/2025 22:00,-0.487
10/3/2025 23:00,-0.508
10/4/2025 0:00,-0.47
10/4/2025 1:00,-0.464
10/4/2025 2:00,-0.491
10/4/2025 3:00,-0.487
10/4/2025 4:00,-0.484
10/4/2025 5:00,-0.509
10/4/2025 6:00,-0.423
10/4/2025 7:00,-0.46
10/4/2025 8:00,-0.503
10/4/2025 9:00,-0.473
10/4/2025 10:00,-0.482
10/4/2025 11:00,-0.48
10/4/2025 12:00,-0.456
10/4/2025 13:00,-0.452
10/4/2025 14:00,-0.451
10/4/2025 15:00,-0.497
10/4/2025 16:00,-0.494
10/4/2025 17:00,-0.475
10/4/2025 18:00,-0.467
10/4/2025 19:00,-0.478
10/4/2025 20:00,-0.481
10/4/2025 21:00,-0.452
10/4/2025 22:00,-0.457
10/4/2025 23:00,-0.451
10/5/2025 0:00,-0.442
10/5/2025 1:00,-0.426
10/5/2025 2:00,-0.427
10/5/2025 3:00,-0.36
10/5/2025 4:00,-0.39
10/5/2025 5:00,-0.475
10/5/2025 6:00,-0.427
10/5/2025 7:00,-0.429
10/5/2025 8:00,-0.419
10/5/2025 9:00,-0.423
10/5/2025 10:00,-0.414
10/5/2025 11:00,-0.434
10/5/2025 12:00,-0.414
10/5/2025 13:00,-0.408
10/5/2025 14:00,-0.405
10/5/2025 15:00,-0.424
10/5/2025 16:00,-0.434
10/5/2025 17:00,-0.435
10/5/2025 18:00,-0.439
10/5/2025 19:00,-0.456
10/5/2025 20:00,-0.441
10/5/2025 21:00,-0.424
10/5/2025 22:00,-0.421
10/5/2025 23:00,-0.417
10/6/2025 0:00,-0.434
10/6/2025 1:00,-0.363
10/6/2025 2:00,-0.387
10/6/2025 3:00,-0.419
10/6/2025 4:00,-0.424
10/6/2025 5:00,-0.429
10/6/2025 6:00,-0.427
10/6/2025 7:00,-0.424
10/6/2025 8:00,-0.433
10/6/2025 9:00,-0.431
10/6/2025 10:00,-0.421
10/6/2025 11:00,-0.409
10/6/2025 12:00,-0.416
10/6/2025 13:00,-0.418
10/6/2025 14:00,-0.411
10/6/2025 15:00,-0.41
10/6/2025 16:00,-0.433
10/6/2025 17:00,-0.43
10/6/2025 18:00,-0.369
10/6/2025 19:00,-0.436
10/6/2025 20:00,-0.457
10/6/2025 21:00,-0.443
10/6/2025 22:00,-0.412
10/6/2025 23:00,-0.393
10/7/2025 0:00,-0.421
10/7/2025 0:00,-0.421
10/7/2025 1:00,-0.411
10/7/2025 2:00,-0.402
10/7/2025 3:00,-0.401
10/7/2025 4:00,-0.426
10/7/2025 5:00,-0.406
10/7/2025 6:00,-0.414
10/7/2025 7:00,-0.399
10/7/2025 8:00,-0.393
10/7/2025 9:00,-0.383
10/7/2025 10:00,-0.392
10/7/2025 11:00,-0.398
10/7/2025 12:00,-0.393
10/7/2025 13:00,-0.357
10/7/2025 14:00,-0.387
10/7/2025 15:00,-0.378
10/7/2025 16:00,-0.364
10/7/2025 17:00,-0.372
10/7/2025 18:00,-0.385
10/7/2025 19:00,-0.355
10/7/2025 20:00,-0.369
10/7/2025 21:00,-0.363
10/7/2025 22:00,-0.364
10/7/2025 23:00,-0.405
10/8/2025 0:00,-0.344
10/8/2025 1:00,-0.373
10/8/2025 2:00,-0.343
10/8/2025 3:00,-0.325
10/8/2025 4:00,-0.315
10/8/2025 5:00,-0.323
10/8/2025 6:00,-0.325
10/8/2025 7:00,-0.33
10/8/2025 8:00,-0.315
10/8/2025 9:00,-0.323
10/8/2025 10:00,-0.314
10/8/2025 11:00,-0.303
10/8/2025 12:00,-0.308
10/8/2025 13:00,-0.294
10/8/2025 14:00,-0.31
10/8/2025 15:00,-0.273
10/8/2025 16:00,-0.272
10/8/2025 17:00,-0.281
10/8/2025 18:00,-0.277
10/8/2025 19:00,-0.269
10/8/2025 20:00,-0.275
10/8/2025 21:00,-0.264
10/8/2025 22:00,-0.26
10/8/2025 23:00,-0.229
10/9/2025 0:00,-0.255
10/9/2025 1:00,-0.266
10/9/2025 2:00,-0.252
10/9/2025 3:00,-0.264
10/9/2025 4:00,-0.272
10/9/2025 5:00,-0.27
10/9/2025 6:00,-0.284
10/9/2025 7:00,-0.279
10/9/2025 8:00,-0.285
10/9/2025 9:00,-0.273
10/9/2025 10:00,-0.282
10/9/2025 11:00,-0.279
10/9/2025 12:00,-0.27
10/9/2025 13:00,-0.267
10/9/2025 14:00,-0.231
10/9/2025 15:00,-0.232
10/9/2025 16:00,-0.263
10/9/2025 17:00,-0.246
10/9/2025 18:00,-0.259
10/9/2025 19:00,-0.281
10/9/2025 20:00,-0.26
10/9/2025 21:00,-0.301
10/9/2025 22:00,-0.275
10/9/2025 23:00,-0.246
10/10/2025 0:00,-0.276
10/10/2025 1:00,-0.243
10/10/2025 2:00,-0.272
10/10/2025 3:00,-0.241
10/10/2025 4:00,-0.261
10/10/2025 5:00,-0.282
10/10/2025 6:00,-0.287
10/10/2025 7:00,-0.272
10/10/2025 8:00,-0.295
10/10/2025 9:00,-0.297
10/10/2025 10:00,-0.289
10/10/2025 11:00,-0.265
10/10/2025 12:00,-0.272
10/10/2025 13:00,-0.283
10/10/2025 14:00,-0.266
10/10/2025 15:00,-0.302
10/10/2025 16:00,-0.263
10/10/2025 17:00,-0.315
10/10/2025 18:00,-0.312
10/10/2025 19:00,-0.316
10/10/2025 20:00,-0.313
10/10/2025 21:00,-0.315
10/10/2025 22:00,-0.341
10/10/2025 23:00,-0.334
10/11/2025 0:00,-0.32
10/11/2025 1:00,-0.334
10/11/2025 2:00,-0.355
10/11/2025 3:00,-0.323
10/11/2025 4:00,-0.325
10/11/2025 5:00,-0.336
10/11/2025 6:00,-0.322
10/11/2025 7:00,-0.349
10/11/2025 8:00,-0.345
10/11/2025 9:00,-0.339
10/11/2025 10:00,-0.351
10/11/2025 11:00,-0.329
10/11/2025 12:00,-0.315
10/11/2025 13:00,-0.294
10/11/2025 14:00,-0.327
10/11/2025 15:00,-0.302
10/11/2025 16:00,-0.302
10/11/2025 17:00,-0.323
10/11/2025 18:00,-0.289
10/11/2025 19:00,-0.294
10/11/2025 20:00,-0.274
10/11/2025 21:00,-0.314
10/11/2025 22:00,-0.314
10/11/2025 23:00,-0.313
10/12/2025 0:00,-0.274
10/12/2025 1:00,-0.348
10/12/2025 2:00,-0.264
10/12/2025 3:00,-0.307
10/12/2025 4:00,-0.298
10/12/2025 5:00,-0.319
10/12/2025 6:00,-0.321
10/12/2025 7:00,-0.307
10/12/2025 8:00,-0.32
10/12/2025 9:00,-0.3
10/12/2025 10:00,-0.306
10/12/2025 11:00,-0.307
10/12/2025 12:00,-0.273
10/12/2025 13:00,-0.256
10/12/2025 14:00,-0.274
10/12/2025 15:00,-0.228
10/12/2025 16:00,-0.25
10/12/2025 17:00,-0.232
10/12/2025 18:00,-0.222
10/12/2025 19:00,-0.215
10/12/2025 20:00,-0.245
10/12/2025 21:00,-0.206
10/12/2025 22:00,-0.217
10/12/2025 23:00,-0.228
10/13/2025 0:00,-0.253
10/13/2025 1:00,-0.23
10/13/2025 2:00,-0.249
10/13/2025 3:00,-0.239
10/13/2025 4:00,-0.24
10/13/2025 5:00,-0.23
10/13/2025 6:00,-0.234
10/13/2025 7:00,-0.242
10/13/2025 8:00,-0.237
10/13/2025 9:00,-0.237
10/13/2025 10:00,-0.245
10/13/2025 11:00,-0.255
10/13/2025 12:00,-0.239
10/13/2025 13:00,-0.225
10/13/2025 14:00,-0.194
10/13/2025 15:00,-0.203
10/13/2025 16:00,-0.219
10/13/2025 17:00,-0.197
10/13/2025 18:00,-0.226
10/13/2025 19:00,-0.208
10/13/2025 20:00,-0.228
10/13/2025 21:00,-0.226
10/13/2025 22:00,-0.232
10/13/2025 23:00,-0.231
10/14/2025 0:00,-0.269
10/14/2025 1:00,-0.252
10/14/2025 2:00,-0.277
10/14/2025 3:00,-0.276
10/14/2025 4:00,-0.273
10/14/2025 5:00,-0.29
10/14/2025 6:00,-0.281
10/14/2025 7:00,-0.303
10/14/2025 8:00,-0.295
10/14/2025 9:00,-0.308
10/14/2025 10:00,-0.294
10/14/2025 11:00,-0.32
10/14/2025 12:00,-0.312
10/14/2025 13:00,-0.322
10/14/2025 14:00,-0.323
10/14/2025 15:00,-0.328
10/14/2025 16:00,-0.313
10/14/2025 17:00,-0.329
10/14/2025 18:00,-0.354
10/14/2025 19:00,-0.332
10/14/2025 20:00,-0.272
10/14/2025 21:00,-0.361
10/14/2025 22:00,-0.345
10/14/2025 23:00,-0.344
10/15/2025 0:00,-0.34
10/15/2025 1:00,-0.353
10/15/2025 2:00,-0.338
10/15/2025 3:00,-0.363
10/15/2025 4:00,-0.366
10/15/2025 5:00,-0.345
10/15/2025 6:00,-0.365
10/15/2025 7:00,-0.354
10/15/2025 8:00,-0.325
10/15/2025 9:00,-0.365
10/15/2025 10:00,-0.363
10/15/2025 11:00,-0.386
10/15/2025 12:00,-0.382
10/15/2025 13:00,-0.381
10/15/2025 14:00,-0.416
10/15/2025 15:00,-0.396
10/15/2025 16:00,-0.395
10/15/2025 17:00,-0.404
10/15/2025 18:00,-0.37
10/15/2025 19:00,-0.406
10/15/2025 20:00,-0.374
10/15/2025 21:00,-0.364
10/15/2025 22:00,-0.375
10/15/2025 23:00,-0.39
10/16/2025 0:00,-0.371
10/16/2025 1:00,-0.387
10/16/2025 2:00,-0.395
10/16/2025 3:00,-0.386
10/16/2025 4:00,-0.379
10/16/2025 5:00,-0.392
10/16/2025 6:00,-0.406
10/16/2025 7:00,-0.406
10/16/2025 8:00,-0.4
10/16/2025 9:00,-0.417
10/16/2025 10:00,-0.38
10/16/2025 11:00,-0.389
10/16/2025 12:00,-0.442
10/16/2025 13:00,-0.422
10/16/2025 14:00,-0.414
10/16/2025 15:00,-0.416
10/16/2025 16:00,-0.418
10/16/2025 17:00,-0.422
10/16/2025 18:00,-0.424
10/16/2025 19:00,-0.395
10/16/2025 20:00,-0.397
10/16/2025 21:00,-0.408
10/16/2025 22:00,-0.372
10/16/2025 23:00,-0.418
10/17/2025 0:00,-0.387
10/17/2025 1:00,-0.387
10/17/2025 2:00,-0.392
10/17/2025 3:00,-0.419
10/17/2025 4:00,-0.413
10/17/2025 5:00,-0.417
10/17/2025 6:00,-0.416
10/17/2025 7:00,-0.411
10/17/2025 8:00,-0.412
10/17/2025 9:00,-0.433
10/17/2025 10:00,-0.429
10/17/2025 11:00,-0.43
10/17/2025 12:00,-0.415
10/17/2025 13:00,-0.416
10/17/2025 14:00,-0.44
10/17/2025 15:00,-0.43
10/17/2025 16:00,-0.465
10/17/2025 17:00,-0.458
10/17/2025 18:00,-0.451
10/17/2025 19:00,-0.429
10/17/2025 20:00,-0.454
10/17/2025 21:00,-0.446
10/17/2025 22:00,-0.439
10/17/2025 23:00,-0.44
10/18/2025 0:00,-0.415
10/18/2025 1:00,-0.387
10/18/2025 2:00,-0.4
10/18/2025 3:00,-0.444
10/18/2025 4:00,-0.419
10/18/2025 5:00,-0.388
10/18/2025 6:00,-0.423
10/18/2025 7:00,-0.398
10/18/2025 8:00,-0.392
10/18/2025 9:00,-0.368
10/18/2025 10:00,-0.391
10/18/2025 11:00,-0.367
10/18/2025 12:00,-0.361
10/18/2025 13:00,-0.357
10/18/2025 14:00,-0.331
10/18/2025 15:00,-0.34
10/18/2025 16:00,-0.321
10/18/2025 17:00,-0.288
10/18/2025 18:00,-0.215
10/18/2025 19:00,-0.309
10/18/2025 20:00,-0.22
10/18/2025 21:00,-0.251
10/18/2025 22:00,-0.21
10/18/2025 23:00,-0.239
10/19/2025 0:00,-0.207
10/19/2025 1:00,-0.232
10/19/2025 2:00,-0.182
10/19/2025 3:00,-0.21
10/19/2025 4:00,-0.198
10/19/2025 5:00,-0.222
10/19/2025 6:00,-0.213
10/19/2025 7:00,-0.216
10/19/2025 8:00,-0.198
10/19/2025 9:00,-0.207
10/19/2025 10:00,-0.234
10/19/2025 11:00,-0.179
10/19/2025 12:00,-0.222
10/19/2025 13:00,-0.223
10/19/2025 14:00,-0.22
10/19/2025 15:00,-0.246
10/19/2025 16:00,-0.273
10/19/2025 17:00,-0.293
10/19/2025 18:00,-0.285
10/19/2025 19:00,-0.313
10/19/2025 20:00,-0.328
10/19/2025 21:00,-0.324
10/19/2025 22:00,-0.32
10/19/2025 23:00,-0.32
10/20/2025 0:00,-0.317
10/20/2025 1:00,-0.325
10/20/2025 2:00,-0.335
10/20/2025 3:00,-0.357
10/20/2025 4:00,-0.335
10/20/2025 5:00,-0.351
10/20/2025 6:00,-0.391
10/20/2025 7:00,-0.372
10/20/2025 8:00,-0.347
10/20/2025 9:00,-0.356
10/20/2025 10:00,-0.323
10/20/2025 11:00,-0.314
10/20/2025 12:00,-0.375
10/20/2025 13:00,-0.361
10/20/2025 14:00,-0.318
10/20/2025 15:00,-0.364
10/20/2025 16:00,-0.321
10/20/2025 17:00,-0.342
10/20/2025 18:00,-0.346
10/20/2025 19:00,-0.32
10/20/2025 20:00,-0.315
10/20/2025 21:00,-0.266
10/20/2025 22:00,-0.273
10/20/2025 23:00,-0.22
10/21/2025 0:00,-0.198
10/21/2025 1:00,-0.189
10/21/2025 2:00,-0.138
10/21/2025 3:00,-0.146
10/21/2025 4:00,-0.136
10/21/2025 5:00,-0.153
10/21/2025 6:00,-0.167
10/21/2025 7:00,-0.18
10/21/2025 8:00,-0.167
10/21/2025 9:00,-0.156
10/21/2025 10:00,-0.161
10/21/2025 11:00,-0.145
10/21/2025 12:00,-0.142
10/21/2025 13:00,-0.161
10/21/2025 14:00,-0.129
10/21/2025 15:00,-0.146
10/21/2025 16:00,-0.156
10/21/2025 17:00,-0.154
10/21/2025 18:00,-0.169
10/21/2025 19:00,-0.192
10/21/2025 20:00,-0.127
10/21/2025 21:00,-0.219
10/21/2025 22:00,-0.149
10/21/2025 23:00,-0.168
10/22/2025 0:00,-0.145
10/22/2025 1:00,-0.161
10/22/2025 2:00,-0.152
10/22/2025 3:00,-0.15
10/22/2025 4:00,-0.166
10/22/2025 5:00,-0.16
10/22/2025 6:00,-0.166
10/22/2025 7:00,-0.158
10/22/2025 8:00,-0.171
10/22/2025 9:00,-0.16
10/22/2025 10:00,-0.143
10/22/2025 11:00,-0.133
10/22/2025 12:00,-0.137
10/22/2025 13:00,-0.135
10/22/2025 14:00,-0.154
10/22/2025 15:00,-0.138
10/22/2025 16:00,-0.171
10/22/2025 17:00,-0.151
10/22/2025 18:00,-0.173
10/22/2025 19:00,-0.193
10/22/2025 20:00,-0.167
10/22/2025 21:00,-0.192
10/22/2025 22:00,-0.19
10/22/2025 23:00,-0.17
10/23/2025 0:00,-0.212
10/23/2025 1:00,-0.215
10/23/2025 2:00,-0.227
10/23/2025 3:00,-0.227
10/23/2025 4:00,-0.245
10/23/2025 5:00,-0.244
10/23/2025 6:00,-0.249
10/23/2025 7:00,-0.262
10/23/2025 8:00,-0.263
10/23/2025 9:00,-0.254
10/23/2025 10:00,-0.253
10/23/2025 11:00,-0.233
10/23/2025 12:00,-0.252
10/23/2025 13:00,-0.241
10/23/2025 14:00,-0.239
10/23/2025 15:00,-0.232
10/23/2025 16:00,-0.234
10/23/2025 17:00,-0.239
10/23/2025 18:00,-0.239
10/23/2025 19:00,-0.258
10/23/2025 20:00,-0.256
10/23/2025 21:00,-0.265
10/23/2025 22:00,-0.258
10/23/2025 23:00,-0.338
10/24/2025 0:00,-0.209
10/24/2025 1:00,-0.286
10/24/2025 2:00,-0.247
10/24/2025 3:00,-0.263
10/24/2025 4:00,-0.249
10/24/2025 5:00,-0.259
10/24/2025 6:00,-0.263
10/24/2025 7:00,-0.275
10/24/2025 8:00,-0.27
10/24/2025 9:00,-0.305
10/24/2025 10:00,-0.269
10/24/2025 11:00,-0.248
10/24/2025 12:00,-0.259
10/24/2025 13:00,-0.257
10/24/2025 14:00,-0.272
10/24/2025 15:00,-0.268
10/24/2025 16:00,-0.254
10/24/2025 17:00,-0.247
10/24/2025 18:00,-0.239
10/24/2025 19:00,-0.258
10/24/2025 20:00,-0.27
10/24/2025 21:00,-0.272
10/24/2025 22:00,-0.251
10/24/2025 23:00,-0.254
10/25/2025 0:00,-0.292
10/25/2025 1:00,-0.257
10/25/2025 2:00,-0.261
10/25/2025 3:00,-0.272
10/25/2025 4:00,-0.272
10/25/2025 5:00,-0.274
10/25/2025 6:00,-0.28
10/25/2025 7:00,-0.299
10/25/2025 8:00,-0.293
10/25/2025 9:00,-0.301
10/25/2025 10:00,-0.303
10/25/2025 11:00,-0.288
10/25/2025 12:00,-0.295
10/25/2025 13:00,-0.281
10/25/2025 14:00,-0.297
10/25/2025 15:00,-0.298
10/25/2025 16:00,-0.289
10/25/2025 17:00,-0.294
10/25/2025 18:00,-0.302
10/25/2025 19:00,-0.299
10/25/2025 20:00,-0.311
10/25/2025 21:00,-0.309
10/25/2025 22:00,-0.239
10/25/2025 23:00,-0.353
10/26/2025 0:00,-0.343
10/26/2025 1:00,-0.307
10/26/2025 2:00,-0.334
10/26/2025 3:00,-0.331
10/26/2025 4:00,-0.334
10/26/2025 5:00,-0.322
10/26/2025 6:00,-0.336
10/26/2025 7:00,-0.34
10/26/2025 8:00,-0.324
10/26/2025 9:00,-0.348
10/26/2025 10:00,-0.355
10/26/2025 11:00,-0.325
10/26/2025 12:00,-0.333
10/26/2025 13:00,-0.323
10/26/2025 14:00,-0.32
10/26/2025 15:00,-0.309
10/26/2025 16:00,-0.312
10/26/2025 17:00,-0.326
10/26/2025 18:00,-0.324
10/26/2025 19:00,-0.316
10/26/2025 20:00,-0.34
10/26/2025 21:00,-0.341
10/26/2025 22:00,-0.324
10/26/2025 23:00,-0.333
10/27/2025 0:00,-0.343
10/27/2025 1:00,-0.333
10/27/2025 2:00,-0.344
10/27/2025 3:00,-0.324
10/27/2025 4:00,-0.33
10/27/2025 5:00,-0.344
10/27/2025 6:00,-0.347
10/27/2025 7:00,-0.35
10/27/2025 8:00,-0.36
10/27/2025 9:00,-0.37
10/27/2025 10:00,-0.354
10/27/2025 11:00,-0.369
10/27/2025 12:00,-0.371
10/27/2025 13:00,-0.352
10/27/2025 14:00,-0.332
10/27/2025 15:00,-0.372
10/27/2025 16:00,-0.376
10/27/2025 17:00,-0.369
10/27/2025 18:00,-0.391
10/27/2025 19:00,-0.346
10/27/2025 20:00,-0.386
10/27/2025 21:00,-0.371
10/27/2025 22:00,-0.359
10/27/2025 23:00,-0.36
10/28/2025 0:00,-0.366
10/28/2025 1:00,-0.368
10/28/2025 2:00,-0.321
10/28/2025 3:00,-0.376
10/28/2025 4:00,-0.369
10/28/2025 5:00,-0.369
10/28/2025 6:00,-0.367
10/28/2025 7:00,-0.357
10/28/2025 8:00,-0.377
10/28/2025 9:00,-0.372
10/28/2025 10:00,-0.374
10/28/2025 11:00,-0.379
10/28/2025 12:00,-0.364
10/28/2025 13:00,-0.394
10/28/2025 14:00,-0.359
10/28/2025 15:00,-0.347
10/28/2025 16:00,-0.356
10/28/2025 17:00,-0.364
10/28/2025 18:00,-0.343
10/28/2025 19:00,-0.333
10/28/2025 20:00,-0.351
10/28/2025 21:00,-0.384
10/28/2025 22:00,-0.306
10/28/2025 23:00,-0.358
10/29/2025 0:00,-0.375
10/29/2025 1:00,-0.344
10/29/2025 2:00,-0.34
10/29/2025 3:00,-0.358
10/29/2025 4:00,-0.357
10/29/2025 5:00,-0.347
10/29/2025 6:00,-0.356
10/29/2025 7:00,-0.361
10/29/2025 8:00,-0.357
10/29/2025 9:00,-0.348
10/29/2025 10:00,-0.355
10/29/2025 11:00,-0.362
10/29/2025 12:00,-0.336
10/29/2025 13:00,-0.382
10/29/2025 14:00,-0.361
10/29/2025 15:00,-0.349
10/29/2025 16:00,-0.348
10/29/2025 17:00,-0.322
10/29/2025 18:00,-0.344
10/29/2025 19:00,-0.339
10/29/2025 20:00,-0.332
10/29/2025 21:00,-0.323
10/29/2025 22:00,-0.315
10/29/2025 23:00,-0.322
10/30/2025 0:00,-0.32
10/30/2025 1:00,-0.327
10/30/2025 2:00,-0.337
10/30/2025 3:00,-0.34
10/30/2025 4:00,-0.347
10/30/2025 5:00,-0.326
10/30/2025 6:00,-0.336
10/30/2025 7:00,-0.335
10/30/2025 8:00,-0.351
10/30/2025 9:00,-0.342
10/30/2025 10:00,-0.349
10/30/2025 11:00,-0.363
10/30/2025 12:00,-0.361
10/30/2025 13:00,-0.37
10/30/2025 14:00,-0.357
10/30/2025 15:00,-0.354
10/30/2025 16:00,-0.349
10/30/2025 17:00,-0.332
10/30/2025 18:00,-0.319
10/30/2025 19:00,-0.331
10/30/2025 20:00,-0.311
10/30/2025 21:00,-0.312
10/30/2025 22:00,-0.275
10/30/2025 23:00,-0.309
10/31/2025 0:00,-0.292
10/31/2025 1:00,-0.273
10/31/2025 2:00,-0.291
10/31/2025 3:00,-0.28
10/31/2025 4:00,-0.278
10/31/2025 5:00,-0.269
10/31/2025 6:00,-0.258
10/31/2025 7:00,-0.257
10/31/2025 8:00,-0.261
10/31/2025 9:00,-0.233
10/31/2025 10:00,-0.243
10/31/2025 11:00,-0.215
10/31/2025 12:00,-0.22
10/31/2025 13:00,-0.176
10/31/2025 14:00,-0.185
10/31/2025 15:00,-0.18
10/31/2025 16:00,-0.189
10/31/2025 17:00,-0.164
10/31/2025 18:00,-0.161
10/31/2025 19:00,-0.181
10/31/2025 20:00,-0.163
10/31/2025 21:00,-0.165
10/31/2025 22:00,-0.147
10/31/2025 23:00,-0.167
11/1/2025 0:00,-0.135
11/1/2025 1:00,-0.135
11/1/2025 2:00,-0.106
11/1/2025 3:00,-0.107
11/1/2025 4:00,-0.088
11/1/2025 5:00,-0.071
11/1/2025 6:00,-0.071
11/1/2025 7:00,-0.049
11/1/2025 8:00,-0.058
11/1/2025 9:00,-0.067
11/1/2025 10:00,-0.07
11/1/2025 11:00,-0.087
11/1/2025 12:00,-0.068
11/1/2025 13:00,-0.089
11/1/2025 14:00,-0.082
11/1/2025 15:00,-0.106
11/1/2025 16:00,-0.088
11/1/2025 17:00,-0.108
11/1/2025 18:00,-0.105
11/1/2025 19:00,-0.103
11/1/2025 20:00,-0.099
11/1/2025 21:00,-0.018
11/1/2025 22:00,-0.139
11/1/2025 23:00,-0.109
11/2/2025 0:00,-0.173
11/2/2025 1:00,-0.121
11/2/2025 2:00,-0.141
11/2/2025 3:00,-0.154
11/2/2025 4:00,-0.153
11/2/2025 5:00,-0.157
11/2/2025 6:00,-0.156
11/2/2025 7:00,-0.17
11/2/2025 8:00,-0.168
11/2/2025 9:00,-0.191
11/2/2025 10:00,-0.196
11/2/2025 11:00,-0.205
11/2/2025 12:00,-0.2
11/2/2025 13:00,-0.221
11/2/2025 14:00,-0.234
11/2/2025 15:00,-0.247
11/2/2025 16:00,-0.247
11/2/2025 17:00,-0.257
11/2/2025 18:00,-0.268
11/2/2025 19:00,-0.279
11/2/2025 20:00,-0.264
11/2/2025 21:00,-0.254
11/2/2025 22:00,-0.274
11/2/2025 23:00,-0.252
11/3/2025 0:00,-0.276
11/3/2025 1:00,-0.236
11/3/2025 2:00,-0.251
11/3/2025 3:00,-0.235
11/3/2025 4:00,-0.247
11/3/2025 5:00,-0.228
11/3/2025 6:00,-0.243
11/3/2025 7:00,-0.218
11/3/2025 8:00,-0.222
11/3/2025 9:00,-0.214
11/3/2025 10:00,-0.205
11/3/2025 11:00,-0.213
11/3/2025 12:00,-0.184
11/3/2025 13:00,-0.217
11/3/2025 14:00,-0.206
11/3/2025 15:00,-0.208
11/3/2025 16:00,-0.188
11/3/2025 17:00,-0.199
11/3/2025 18:00,-0.203
11/3/2025 19:00,-0.189
11/3/2025 20:00,-0.189
11/3/2025 21:00,-0.178
11/3/2025 22:00,-0.184
11/3/2025 23:00,-0.183
11/4/2025 0:00,-0.175
11/4/2025 1:00,-0.208
11/4/2025 2:00,-0.185
11/4/2025 3:00,-0.189
11/4/2025 4:00,-0.183
11/4/2025 5:00,-0.201
11/4/2025 6:00,-0.189
11/4/2025 7:00,-0.194
11/4/2025 8:00,-0.168
11/4/2025 9:00,-0.164
11/4/2025 10:00,-0.196
11/4/2025 11:00,-0.179
11/4/2025 12:00,-0.193
11/4/2025 13:00,-0.187
11/4/2025 14:00,-0.194
11/4/2025 15:00,-0.198
11/4/2025 16:00,-0.232
11/4/2025 17:00,-0.225
11/4/2025 18:00,-0.228
11/4/2025 19:00,-0.23
11/4/2025 20:00,-0.233
11/4/2025 21:00,-0.153
11/4/2025 22:00,-0.247
11/4/2025 23:00,-0.193
11/5/2025 0:00,-0.226
11/5/2025 1:00,-0.208
11/5/2025 2:00,-0.235
11/5/2025 3:00,-0.232
11/5/2025 4:00,-0.223
11/5/2025 5:00,-0.229
11/5/2025 6:00,-0.241
11/5/2025 7:00,-0.255
11/5/2025 8:00,-0.22
11/5/2025 9:00,-0.233
11/5/2025 10:00,-0.23
11/5/2025 11:00,-0.212
11/5/2025 12:00,-0.226
11/5/2025 13:00,-0.226
11/5/2025 14:00,-0.221
11/5/2025 15:00,-0.237
11/5/2025 16:00,-0.247
11/5/2025 17:00,-0.257
11/5/2025 18:00,-0.239
11/5/2025 19:00,-0.244
11/5/2025 20:00,-0.239
11/5/2025 21:00,-0.218
11/5/2025 22:00,-0.237
11/5/2025 23:00,-0.207
11/6/2025 0:00,-0.22
11/6/2025 1:00,-0.185
11/6/2025 2:00,-0.212
11/6/2025 3:00,-0.188
11/6/2025 4:00,-0.223
11/6/2025 5:00,-0.203
11/6/2025 6:00,-0.227
11/6/2025 7:00,-0.199
11/6/2025 8:00,-0.215
11/6/2025 9:00,-0.196
11/6/2025 10:00,-0.188
11/6/2025 11:00,-0.183
11/6/2025 12:00,-0.182
11/6/2025 13:00,-0.179
11/6/2025 14:00,-0.185
11/6/2025 15:00,-0.192
11/6/2025 16:00,-0.183
11/6/2025 17:00,-0.185
11/6/2025 18:00,-0.182
11/6/2025 19:00,-0.19
11/6/2025 20:00,-0.199
11/6/2025 21:00,-0.19
11/6/2025 22:00,-0.168
11/6/2025 23:00,-0.178
11/7/2025 0:00,-0.173
11/7/2025 0:00,-0.173
11/7/2025 1:00,-0.179
11/7/2025 2:00,-0.192
11/7/2025 3:00,-0.169
11/7/2025 4:00,-0.174
11/7/2025 5:00,-0.187
11/7/2025 6:00,-0.188
11/7/2025 7:00,-0.191
11/7/2025 8:00,-0.176
11/7/2025 9:00,-0.171
11/7/2025 10:00,-0.18
11/7/2025 11:00,-0.143
11/7/2025 12:00,-0.137
11/7/2025 13:00,-0.148
11/7/2025 14:00,-0.136
11/7/2025 15:00,-0.136
11/7/2025 16:00,-0.121
11/7/2025 17:00,-0.157
11/7/2025 18:00,-0.116
11/7/2025 19:00,-0.157
11/7/2025 20:00,-0.146
11/7/2025 21:00,-0.154
11/7/2025 22:00,-0.169
11/7/2025 23:00,-0.147
11/8/2025 0:00,-0.122
11/8/2025 1:00,-0.126
11/8/2025 2:00,-0.124
11/8/2025 3:00,-0.105
11/8/2025 4:00,-0.131
11/8/2025 5:00,-0.127
11/8/2025 6:00,-0.14
11/8/2025 7:00,-0.139
11/8/2025 8:00,-0.138
11/8/2025 9:00,-0.153
11/8/2025 10:00,-0.123
11/8/2025 11:00,-0.106
11/8/2025 12:00,-0.09
11/8/2025 13:00,-0.099
11/8/2025 14:00,-0.08
11/8/2025 15:00,-0.083
11/8/2025 16:00,-0.105
11/8/2025 17:00,-0.083
11/8/2025 18:00,-0.107
11/8/2025 19:00,-0.09
11/8/2025 20:00,-0.096
11/8/2025 21:00,0.005
11/8/2025 22:00,-0.158
11/8/2025 23:00,-0.075
11/9/2025 0:00,-0.076
11/9/2025 1:00,-0.086
11/9/2025 2:00,-0.075
11/9/2025 3:00,-0.067
11/9/2025 4:00,-0.086
11/9/2025 5:00,-0.069
11/9/2025 6:00,-0.083
11/9/2025 7:00,-0.078
11/9/2025 8:00,-0.089
11/9/2025 9:00,-0.094
11/9/2025 10:00,-0.085
11/9/2025 11:00,-0.063
11/9/2025 12:00,-0.063
11/9/2025 13:00,-0.045
11/9/2025 14:00,-0.042
11/9/2025 15:00,-0.017
11/9/2025 16:00,-0.013
11/9/2025 17:00,-0.021
11/9/2025 18:00,-0.011
11/9/2025 19:00,-0.009
11/9/2025 20:00,-0.023
11/9/2025 21:00,-0.006
11/9/2025 22:00,-0.001
11/9/2025 23:00,0.009
11/10/2025 0:00,0.024
11/10/2025 1:00,0.052
11/10/2025 2:00,0.041
11/10/2025 3:00,0.027
11/10/2025 4:00,0.038
11/10/2025 5:00,0.033
11/10/2025 6:00,0.018
11/10/2025 7:00,0.017
11/10/2025 8:00,0.004
11/10/2025 9:00,-0.014
11/10/2025 10:00,-0.011
11/10/2025 11:00,-0.008
11/10/2025 12:00,0.016
11/10/2025 13:00,0.026
11/10/2025 14:00,0.032
11/10/2025 15:00,0.026
11/10/2025 16:00,0.03
11/10/2025 17:00,0.029
11/10/2025 18:00,0.013
11/10/2025 19:00,0.017
11/10/2025 20:00,-0.004
11/10/2025 21:00,-0.008
11/10/2025 22:00,-0.012
11/10/2025 23:00,-0.02
11/11/2025 0:00,-0.003
11/11/2025 1:00,-0.002
11/11/2025 2:00,0.001
11/11/2025 3:00,0.002
11/11/2025 4:00,0.007
11/11/2025 5:00,0.001
11/11/2025 6:00,-0.014
11/11/2025 7:00,-0.011
11/11/2025 8:00,-0.009
11/11/2025 9:00,-0.021
11/11/2025 10:00,-0.027
11/11/2025 11:00,-0.032
11/11/2025 12:00,-0.032
11/11/2025 13:00,-0.015
11/11/2025 14:00,0.003
11/11/2025 15:00,-0.004
11/11/2025 16:00,-0.013
11/11/2025 17:00,-0.005
11/11/2025 18:00,0.01
11/11/2025 19:00,-0.015
11/11/2025 20:00,-0.02
11/11/2025 21:00,-0.014
11/11/2025 22:00,-0.014
11/11/2025 23:00,-0.026
11/12/2025 0:00,-0.067
11/12/2025 1:00,-0.048
11/12/2025 2:00,-0.072
11/12/2025 3:00,-0.085
11/12/2025 4:00,-0.098
11/12/2025 5:00,-0.076
11/12/2025 6:00,-0.093
11/12/2025 7:00,-0.091
11/12/2025 8:00,-0.087
11/12/2025 9:00,-0.072
11/12/2025 10:00,-0.102
11/12/2025 11:00,-0.093
11/12/2025 12:00,-0.098
11/12/2025 13:00,-0.105
11/12/2025 14:00,-0.104
11/12/2025 15:00,-0.097
11/12/2025 16:00,-0.108
11/12/2025 17:00,-0.101
11/12/2025 18:00,-0.107
11/12/2025 19:00,-0.111
11/12/2025 20:00,-0.117
11/12/2025 21:00,-0.125
11/12/2025 22:00,-0.124
11/12/2025 23:00,-0.131
11/13/2025 0:00,-0.134
11/13/2025 1:00,-0.149
11/13/2025 2:00,-0.154
11/13/2025 3:00,-0.155
11/13/2025 4:00,-0.164
11/13/2025 5:00,-0.181
11/13/2025 6:00,-0.177
11/13/2025 7:00,-0.186
11/13/2025 8:00,-0.191
11/13/2025 9:00,-0.184
11/13/2025 10:00,-0.194
11/13/2025 11:00,-0.184
11/13/2025 12:00,-0.201
11/13/2025 13:00,-0.214
11/13/2025 14:00,-0.227
11/13/2025 15:00,-0.22
11/13/2025 16:00,-0.207
11/13/2025 17:00,-0.215
11/13/2025 18:00,-0.197
11/13/2025 19:00,-0.202
11/13/2025 20:00,-0.197
11/13/2025 21:00,-0.198
11/13/2025 22:00,-0.19
11/13/2025 23:00,-0.18
11/14/2025 0:00,-0.185
11/14/2025 1:00,-0.189
11/14/2025 2:00,-0.173
11/14/2025 3:00,-0.177
11/14/2025 4:00,-0.173
11/14/2025 5:00,-0.162
11/14/2025 6:00,-0.126
11/14/2025 7:00,-0.164
11/14/2025 8:00,-0.166
11/14/2025 9:00,-0.157
11/14/2025 10:00,-0.147
11/14/2025 11:00,-0.162
11/14/2025 12:00,-0.166
11/14/2025 13:00,-0.18
11/14/2025 14:00,-0.156
11/14/2025 15:00,-0.184
11/14/2025 16:00,-0.162
11/14/2025 17:00,-0.209
11/14/2025 18:00,-0.156
11/14/2025 19:00,-0.174
11/14/2025 20:00,-0.172
11/14/2025 21:00,-0.166
11/14/2025 22:00,-0.202
11/14/2025 23:00,-0.163
11/15/2025 0:00,-0.176
11/15/2025 1:00,-0.143
11/15/2025 2:00,-0.184
11/15/2025 3:00,-0.166
11/15/2025 4:00,-0.174
11/15/2025 5:00,-0.184
11/15/2025 6:00,-0.183
11/15/2025 7:00,-0.197
11/15/2025 8:00,-0.169
11/15/2025 9:00,-0.202
11/15/2025 10:00,-0.202
11/15/2025 11:00,-0.204
11/15/2025 12:00,-0.199
11/15/2025 13:00,-0.204
11/15/2025 14:00,-0.217
11/15/2025 15:00,-0.218
11/15/2025 16:00,-0.226
11/15/2025 17:00,-0.218
11/15/2025 18:00,-0.225
11/15/2025 19:00,-0.227
11/15/2025 20:00,-0.223
11/15/2025 21:00,-0.207
11/15/2025 22:00,-0.209
11/15/2025 23:00,-0.197
11/16/2025 0:00,-0.194
11/16/2025 1:00,-0.205
11/16/2025 2:00,-0.199
11/16/2025 3:00,-0.187
11/16/2025 4:00,-0.175
11/16/2025 5:00,-0.171
11/16/2025 6:00,-0.147
11/16/2025 7:00,-0.169
11/16/2025 8:00,-0.142
11/16/2025 9:00,-0.132
11/16/2025 10:00,-0.124
11/16/2025 11:00,-0.136
11/16/2025 12:00,-0.112
11/16/2025 13:00,-0.141
11/16/2025 14:00,-0.138
11/16/2025 15:00,-0.149
11/16/2025 16:00,-0.144
11/16/2025 17:00,-0.145
11/16/2025 18:00,-0.137
11/16/2025 19:00,-0.054
11/16/2025 20:00,-0.175
11/16/2025 21:00,-0.099
11/16/2025 22:00,-0.103
11/16/2025 23:00,-0.105
11/17/2025 0:00,-0.085
11/17/2025 1:00,-0.093
11/17/2025 2:00,-0.073
11/17/2025 3:00,-0.077
11/17/2025 4:00,-0.076
11/17/2025 5:00,-0.098
11/17/2025 6:00,-0.086
11/17/2025 7:00,-0.071
11/17/2025 8:00,-0.067
11/17/2025 9:00,-0.069
11/17/2025 10:00,-0.043
11/17/2025 11:00,-0.047
11/17/2025 12:00,-0.067
11/17/2025 13:00,-0.074
11/17/2025 14:00,-0.058
11/17/2025 15:00,-0.072
11/17/2025 16:00,-0.093
11/17/2025 17:00,-0.096
11/17/2025 18:00,-0.088
11/17/2025 19:00,-0.099
11/17/2025 20:00,-0.102
11/17/2025 21:00,-0.098
11/17/2025 22:00,-0.093
11/17/2025 23:00,-0.104
11/18/2025 0:00,-0.097
11/18/2025 1:00,-0.089
11/18/2025 2:00,-0.106
11/18/2025 3:00,-0.107
11/18/2025 4:00,-0.102
11/18/2025 5:00,-0.107
11/18/2025 6:00,-0.126
11/18/2025 7:00,-0.11
11/18/2025 8:00,-0.124
11/18/2025 9:00,-0.137
11/18/2025 10:00,-0.142
11/18/2025 11:00,-0.138
11/18/2025 12:00,-0.14
11/18/2025 13:00,-0.163
11/18/2025 14:00,-0.172
11/18/2025 15:00,-0.195
11/18/2025 16:00,-0.195
11/18/2025 17:00,-0.213
11/18/2025 18:00,-0.228
11/18/2025 19:00,-0.223
11/18/2025 20:00,-0.243
11/18/2025 21:00,-0.223
11/18/2025 22:00,-0.246
11/18/2025 23:00,-0.246
11/19/2025 0:00,-0.19
11/19/2025 1:00,-0.251
11/19/2025 2:00,-0.236
11/19/2025 3:00,-0.246
11/19/2025 4:00,-0.232
11/19/2025 5:00,-0.231
11/19/2025 6:00,-0.238
11/19/2025 7:00,-0.241
11/19/2025 8:00,-0.242
11/19/2025 9:00,-0.234
11/19/2025 10:00,-0.226
11/19/2025 11:00,-0.241
11/19/2025 12:00,-0.208
11/19/2025 13:00,-0.225
11/19/2025 14:00,-0.232
11/19/2025 15:00,-0.238
11/19/2025 16:00,-0.244
11/19/2025 17:00,-0.233
11/19/2025 18:00,-0.229
11/19/2025 19:00,-0.257
11/19/2025 20:00,-0.256
11/19/2025 21:00,-0.25
11/19/2025 22:00,-0.251
11/19/2025 23:00,-0.246
11/20/2025 0:00,-0.273
11/20/2025 1:00,-0.244
11/20/2025 2:00,-0.274
11/20/2025 3:00,-0.261
11/20/2025 4:00,-0.279
11/20/2025 5:00,-0.282
11/20/2025 6:00,-0.28
11/20/2025 7:00,-0.281
11/20/2025 8:00,-0.303
11/20/2025 9:00,-0.27
11/20/2025 10:00,-0.285
11/20/2025 11:00,-0.265
11/20/2025 12:00,-0.278
11/20/2025 13:00,-0.282
11/20/2025 14:00,-0.271
11/20/2025 15:00,-0.29
11/20/2025 16:00,-0.28
11/20/2025 17:00,-0.276
11/20/2025 18:00,-0.289
11/20/2025 19:00,-0.286
11/20/2025 20:00,-0.309
11/20/2025 21:00,-0.275
11/20/2025 22:00,-0.305
11/20/2025 23:00,-0.282
11/21/2025 0:00,-0.283
11/21/2025 1:00,-0.264
11/21/2025 2:00,-0.305
11/21/2025 3:00,-0.303
11/21/2025 4:00,-0.289
11/21/2025 5:00,-0.287
11/21/2025 6:00,-0.307
11/21/2025 7:00,-0.305
11/21/2025 8:00,-0.287
11/21/2025 9:00,-0.292
11/21/2025 10:00,-0.276
11/21/2025 11:00,-0.255
11/21/2025 12:00,-0.278
11/21/2025 13:00,-0.261
11/21/2025 14:00,-0.259
11/21/2025 15:00,-0.256
11/21/2025 16:00,-0.268
11/21/2025 17:00,-0.262
11/21/2025 18:00,-0.262
11/21/2025 19:00,-0.25
11/21/2025 20:00,-0.279
11/21/2025 21:00,-0.249
11/21/2025 22:00,-0.253
11/21/2025 23:00,-0.261
11/22/2025 0:00,-0.282
11/22/2025 1:00,-0.263
11/22/2025 2:00,-0.256
11/22/2025 3:00,-0.268
11/22/2025 4:00,-0.257
11/22/2025 5:00,-0.255
11/22/2025 6:00,-0.245
11/22/2025 7:00,-0.247
11/22/2025 8:00,-0.255
11/22/2025 9:00,-0.237
11/22/2025 10:00,-0.221
11/22/2025 11:00,-0.224
11/22/2025 12:00,-0.215
11/22/2025 13:00,-0.212
11/22/2025 14:00,-0.19
11/22/2025 15:00,-0.182
11/22/2025 16:00,-0.187
11/22/2025 17:00,-0.193
11/22/2025 18:00,-0.182
11/22/2025 19:00,-0.177
11/22/2025 20:00,-0.195
11/22/2025 21:00,-0.203
11/22/2025 22:00,-0.186
11/22/2025 23:00,-0.192
11/23/2025 0:00,-0.183
11/23/2025 1:00,-0.171
11/23/2025 2:00,-0.169
11/23/2025 3:00,-0.185
11/23/2025 4:00,-0.185
11/23/2025 5:00,-0.165
11/23/2025 6:00,-0.198
11/23/2025 7:00,-0.188
11/23/2025 8:00,-0.2
11/23/2025 9:00,-0.177
11/23/2025 10:00,-0.187
11/23/2025 11:00,-0.171
11/23/2025 12:00,-0.181
11/23/2025 13:00,-0.172
11/23/2025 14:00,-0.176
11/23/2025 15:00,-0.174
11/23/2025 16:00,-0.179
11/23/2025 17:00,-0.164
11/23/2025 18:00,-0.164
11/23/2025 19:00,-0.161
11/23/2025 20:00,-0.182
11/23/2025 21:00,-0.055
11/23/2025 22:00,-0.255
11/23/2025 23:00,-0.143
11/24/2025 0:00,-0.187
11/24/2025 1:00,-0.169
11/24/2025 2:00,-0.188
11/24/2025 3:00,-0.173
11/24/2025 4:00,-0.171
11/24/2025 5:00,-0.176
11/24/2025 6:00,-0.171
11/24/2025 7:00,-0.18
11/24/2025 8:00,-0.181
11/24/2025 9:00,-0.2
11/24/2025 10:00,-0.203
11/24/2025 11:00,-0.192
11/24/2025 12:00,-0.197
11/24/2025 13:00,-0.188
11/24/2025 14:00,-0.199
11/24/2025 15:00,-0.195
11/24/2025 16:00,-0.216
11/24/2025 17:00,-0.193
11/24/2025 18:00,-0.217
11/24/2025 19:00,-0.208
11/24/2025 20:00,-0.237
11/24/2025 21:00,-0.241
11/24/2025 22:00,-0.242
11/24/2025 23:00,-0.261
11/25/2025 0:00,-0.23
11/25/2025 1:00,-0.237
11/25/2025 2:00,-0.257
11/25/2025 3:00,-0.244
11/25/2025 4:00,-0.266
11/25/2025 5:00,-0.25
11/25/2025 6:00,-0.254
11/25/2025 7:00,-0.268
11/25/2025 8:00,-0.267
11/25/2025 9:00,-0.279
11/25/2025 10:00,-0.272
11/25/2025 11:00,-0.271
11/25/2025 12:00,-0.259
11/25/2025 13:00,-0.253
11/25/2025 14:00,-0.263
11/25/2025 15:00,-0.231
11/25/2025 16:00,-0.246
11/25/2025 17:00,-0.24
11/25/2025 18:00,-0.242
11/25/2025 19:00,-0.261
11/25/2025 20:00,-0.241
11/25/2025 21:00,-0.254
11/25/2025 22:00,-0.234
11/25/2025 23:00,-0.252
11/26/2025 0:00,-0.215
11/26/2025 1:00,-0.228
11/26/2025 2:00,-0.242
11/26/2025 3:00,-0.23
11/26/2025 4:00,-0.288
11/26/2025 5:00,-0.194
11/26/2025 6:00,-0.25
11/26/2025 7:00,-0.214
11/26/2025 8:00,-0.239
11/26/2025 9:00,-0.22
11/26/2025 10:00,-0.245
11/26/2025 11:00,-0.247
11/26/2025 12:00,-0.229
11/26/2025 13:00,-0.226
11/26/2025 14:00,-0.222
11/26/2025 15:00,-0.211
11/26/2025 16:00,-0.22
11/26/2025 17:00,-0.207
11/26/2025 18:00,-0.208
11/26/2025 19:00,-0.202
11/26/2025 20:00,-0.185
11/26/2025 21:00,-0.192
11/26/2025 22:00,-0.198
11/26/2025 23:00,-0.198
11/27/2025 0:00,-0.185
11/27/2025 1:00,-0.176
11/27/2025 2:00,-0.161
11/27/2025 3:00,-0.151
11/27/2025 4:00,-0.164
11/27/2025 5:00,-0.151
11/27/2025 6:00,-0.152
11/27/2025 7:00,-0.172
11/27/2025 8:00,-0.16
11/27/2025 9:00,-0.175
11/27/2025 10:00,-0.194
11/27/2025 11:00,-0.176
11/27/2025 12:00,-0.179
11/27/2025 13:00,-0.184
11/27/2025 14:00,-0.13
11/27/2025 15:00,-0.151
11/27/2025 16:00,-0.159
11/27/2025 17:00,-0.134
11/27/2025 18:00,-0.151
11/27/2025 19:00,-0.118
11/27/2025 20:00,-0.126
11/27/2025 21:00,-0.118
11/27/2025 22:00,-0.122
11/27/2025 23:00,-0.12
11/28/2025 0:00,-0.129
11/28/2025 1:00,-0.115
11/28/2025 2:00,-0.119
11/28/2025 3:00,-0.138
11/28/2025 4:00,-0.114
11/28/2025 5:00,-0.119
11/28/2025 6:00,-0.124
11/28/2025 7:00,-0.117
11/28/2025 8:00,-0.107
11/28/2025 9:00,-0.132
11/28/2025 10:00,-0.139
11/28/2025 11:00,-0.124
11/28/2025 12:00,-0.149
11/28/2025 13:00,-0.154
11/28/2025 14:00,-0.148
11/28/2025 15:00,-0.147
11/28/2025 16:00,-0.166
11/28/2025 17:00,-0.164
11/28/2025 18:00,-0.172
11/28/2025 19:00,-0.175
11/28/2025 20:00,-0.183
11/28/2025 21:00,-0.199
11/28/2025 22:00,-0.19
11/28/2025 23:00,-0.187
11/29/2025 0:00,-0.216
11/29/2025 1:00,-0.185
11/29/2025 2:00,-0.188
11/29/2025 3:00,-0.173
11/29/2025 4:00,-0.212
11/29/2025 5:00,-0.18
11/29/2025 6:00,-0.186
11/29/2025 7:00,-0.18
11/29/2025 8:00,-0.166
11/29/2025 9:00,-0.19
11/29/2025 10:00,-0.16
11/29/2025 11:00,-0.172
11/29/2025 12:00,-0.191
11/29/2025 13:00,-0.179
11/29/2025 14:00,-0.169
11/29/2025 15:00,-0.167
11/29/2025 16:00,-0.164
11/29/2025 17:00,-0.173
11/29/2025 18:00,-0.161
11/29/2025 19:00,-0.158
11/29/2025 20:00,-0.16
11/29/2025 21:00,-0.16
11/29/2025 22:00,-0.153
11/29/2025 23:00,-0.148
11/30/2025 0:00,-0.139
11/30/2025 1:00,-0.153
11/30/2025 2:00,-0.138
11/30/2025 3:00,-0.156
11/30/2025 4:00,-0.139
11/30/2025 5:00,-0.152
11/30/2025 6:00,-0.144
11/30/2025 7:00,-0.17
11/30/2025 8:00,-0.162
11/30/2025 9:00,-0.165
11/30/2025 10:00,-0.176
11/30/2025 11:00,-0.188
11/30/2025 12:00,-0.185
11/30/2025 13:00,-0.21
11/30/2025 14:00,-0.212
11/30/2025 15:00,-0.22
11/30/2025 16:00,-0.211
11/30/2025 17:00,-0.153
11/30/2025 18:00,-0.276
11/30/2025 19:00,-0.202
11/30/2025 20:00,-0.245
11/30/2025 21:00,-0.22
11/30/2025 22:00,-0.25
11/30/2025 23:00,-0.239
12/1/2025 0:00,-0.27
12/1/2025 1:00,-0.251
12/1/2025 2:00,-0.281
12/1/2025 3:00,-0.283
12/1/2025 4:00,-0.304
12/1/2025 5:00,-0.303
12/1/2025 6:00,-0.296
12/1/2025 7:00,-0.303
12/1/2025 8:00,-0.28
12/1/2025 9:00,-0.268
12/1/2025 10:00,-0.253
12/1/2025 11:00,-0.255
12/1/2025 12:00,-0.257
12/1/2025 13:00,-0.247
12/1/2025 14:00,-0.24
12/1/2025 15:00,-0.226
12/1/2025 16:00,-0.244
12/1/2025 17:00,-0.239
12/1/2025 18:00,-0.235
12/1/2025 19:00,-0.218
12/1/2025 20:00,-0.215
12/1/2025 21:00,-0.23
12/1/2025 22:00,-0.177
12/1/2025 23:00,-0.234
12/2/2025 0:00,-0.197
12/2/2025 1:00,-0.203
12/2/2025 2:00,-0.212
12/2/2025 3:00,-0.206
12/2/2025 4:00,-0.218
12/2/2025 5:00,-0.197
12/2/2025 6:00,-0.191
12/2/2025 7:00,-0.199
12/2/2025 8:00,-0.179
12/2/2025 9:00,-0.171
12/2/2025 10:00,-0.191
12/2/2025 11:00,-0.183
12/2/2025 12:00,-0.18
12/2/2025 13:00,-0.194
12/2/2025 14:00,-0.176
12/2/2025 15:00,-0.181
12/2/2025 16:00,-0.186
12/2/2025 17:00,-0.195
12/2/2025 18:00,-0.195
12/2/2025 19:00,-0.204
12/2/2025 20:00,-0.207
12/2/2025 21:00,-0.184
12/2/2025 22:00,-0.208
12/2/2025 23:00,-0.18
12/3/2025 0:00,-0.198
12/3/2025 1:00,-0.19
12/3/2025 2:00,-0.196
12/3/2025 3:00,-0.183
12/3/2025 4:00,-0.19
12/3/2025 5:00,-0.196
12/3/2025 6:00,-0.186
12/3/2025 7:00,-0.178
12/3/2025 8:00,-0.181
12/3/2025 9:00,-0.169
12/3/2025 10:00,-0.191
12/3/2025 11:00,-0.193
12/3/2025 12:00,-0.185
12/3/2025 13:00,-0.203
12/3/2025 14:00,-0.21
12/3/2025 15:00,-0.223
12/3/2025 16:00,-0.226
12/3/2025 17:00,-0.245
12/3/2025 18:00,-0.257
12/3/2025 19:00,-0.261
12/3/2025 20:00,-0.264
12/3/2025 21:00,-0.237
12/3/2025 22:00,-0.268
12/3/2025 23:00,-0.267
12/4/2025 0:00,-0.281
12/4/2025 1:00,-0.275
12/4/2025 2:00,-0.282
12/4/2025 3:00,-0.302
12/4/2025 4:00,-0.295
12/4/2025 5:00,-0.293
12/4/2025 6:00,-0.29
12/4/2025 7:00,-0.285
12/4/2025 8:00,-0.293
12/4/2025 9:00,-0.279
12/4/2025 10:00,-0.262
12/4/2025 11:00,-0.254
12/4/2025 12:00,-0.252
12/4/2025 13:00,-0.246
12/4/2025 14:00,-0.233
12/4/2025 15:00,-0.233
12/4/2025 16:00,-0.253
12/4/2025 17:00,-0.246
12/4/2025 18:00,-0.25
12/4/2025 19:00,-0.255
12/4/2025 20:00,-0.248
12/4/2025 21:00,-0.253
12/4/2025 22:00,-0.23
12/4/2025 23:00,-0.254
12/5/2025 0:00,-0.247
12/5/2025 1:00,-0.259
12/5/2025 2:00,-0.261
12/5/2025 3:00,-0.269
12/5/2025 4:00,-0.253
12/5/2025 5:00,-0.263
12/5/2025 6:00,-0.261
12/5/2025 7:00,-0.268
12/5/2025 8:00,-0.25
12/5/2025 9:00,-0.226
12/5/2025 10:00,-0.222
12/5/2025 11:00,-0.212
12/5/2025 12:00,-0.219
12/5/2025 13:00,-0.224
12/5/2025 14:00,-0.234
12/5/2025 15:00,-0.225
12/5/2025 16:00,-0.265
12/5/2025 17:00,-0.257
12/5/2025 18:00,-0.273
12/5/2025 19:00,-0.263
12/5/2025 20:00,-0.253
12/5/2025 21:00,-0.319
12/5/2025 22:00,-0.276
12/5/2025 23:00,-0.282
12/6/2025 0:00,-0.258
12/6/2025 1:00,-0.275
12/6/2025 2:00,-0.289
12/6/2025 3:00,-0.283
12/6/2025 4:00,-0.294
12/6/2025 5:00,-0.286
12/6/2025 6:00,-0.305
12/6/2025 7:00,-0.296
12/6/2025 8:00,-0.308
12/6/2025 9:00,-0.312
12/6/2025 10:00,-0.288
12/6/2025 11:00,-0.278
12/6/2025 12:00,-0.302
12/6/2025 13:00,-0.296
12/6/2025 14:00,-0.305
12/6/2025 15:00,-0.305
12/6/2025 16:00,-0.29
12/6/2025 17:00,-0.321
12/6/2025 18:00,-0.336
12/6/2025 19:00,-0.338
12/6/2025 20:00,-0.313
12/6/2025 21:00,-0.298
12/6/2025 22:00,-0.258
12/6/2025 23:00,-0.397
12/7/2025 0:00,-0.287
12/7/2025 1:00,-0.323
12/7/2025 2:00,-0.323
12/7/2025 3:00,-0.304
12/7/2025 4:00,-0.307
12/7/2025 5:00,-0.293
12/7/2025 6:00,-0.309
12/7/2025 7:00,-0.286
12/7/2025 8:00,-0.267
12/7/2025 9:00,-0.26
12/7/2025 10:00,-0.205
12/7/2025 11:00,-0.191
12/7/2025 12:00,-0.179
12/7/2025 13:00,-0.168
12/7/2025 14:00,-0.153
12/7/2025 15:00,-0.164
12/7/2025 16:00,-0.147
12/7/2025 17:00,-0.159
12/7/2025 18:00,-0.157
12/7/2025 19:00,-0.15
12/7/2025 20:00,-0.169
12/7/2025 21:00,-0.163
12/7/2025 22:00,-0.176
12/7/2025 23:00,-0.143
12/8/2025 0:00,-0.172
12/8/2025 0:00,-0.172
12/8/2025 1:00,-0.159
12/8/2025 2:00,-0.174
12/8/2025 3:00,-0.153
12/8/2025 4:00,-0.185
12/8/2025 5:00,-0.183
12/8/2025 6:00,-0.177
12/8/2025 7:00,-0.182
12/8/2025 8:00,-0.2
12/8/2025 9:00,-0.186
12/8/2025 10:00,-0.172
12/8/2025 11:00,-0.171
12/8/2025 12:00,-0.172
12/8/2025 13:00,-0.162
12/8/2025 14:00,-0.185
12/8/2025 15:00,-0.157
12/8/2025 16:00,-0.166
12/8/2025 17:00,-0.187
12/8/2025 18:00,-0.185
12/8/2025 19:00,-0.2
12/8/2025 20:00,-0.213
12/8/2025 21:00,-0.205
12/8/2025 22:00,-0.206
12/8/2025 23:00,-0.198
12/9/2025 0:00,-0.203
12/9/2025 1:00,-0.199
12/9/2025 2:00,-0.202
12/9/2025 3:00,-0.196
12/9/2025 4:00,-0.209
12/9/2025 5:00,-0.192
12/9/2025 6:00,-0.193
12/9/2025 7:00,-0.201
12/9/2025 8:00,-0.192
12/9/2025 9:00,-0.2
12/9/2025 10:00,-0.191
12/9/2025 11:00,-0.179
12/9/2025 12:00,-0.191
12/9/2025 13:00,-0.207
12/9/2025 14:00,-0.184
12/9/2025 15:00,-0.193
12/9/2025 16:00,-0.186
12/9/2025 17:00,-0.18
12/9/2025 18:00,-0.185
12/9/2025 19:00,-0.179
12/9/2025 20:00,-0.176
12/9/2025 21:00,-0.185
12/9/2025 22:00,-0.17
12/9/2025 23:00,-0.196
12/10/2025 0:00,-0.197
12/10/2025 1:00,-0.212
12/10/2025 2:00,-0.191
12/10/2025 3:00,-0.192
12/10/2025 4:00,-0.205
12/10/2025 5:00,-0.205
12/10/2025 6:00,-0.152
12/10/2025 7:00,-0.227
12/10/2025 8:00,-0.201
12/10/2025 9:00,-0.216
12/10/2025 10:00,-0.208
12/10/2025 11:00,-0.229
12/10/2025 12:00,-0.208
12/10/2025 13:00,-0.206
12/10/2025 14:00,-0.212
12/10/2025 15:00,-0.19
12/10/2025 16:00,-0.154
12/10/2025 17:00,-0.178
12/10/2025 18:00,-0.159
12/10/2025 19:00,-0.15
12/10/2025 20:00,-0.142
12/10/2025 21:00,-0.132
12/10/2025 22:00,-0.14
12/10/2025 23:00,-0.125
12/11/2025 0:00,-0.13
12/11/2025 1:00,-0.131
12/11/2025 2:00,-0.125
12/11/2025 3:00,-0.133
12/11/2025 4:00,-0.124
12/11/2025 5:00,-0.12
12/11/2025 6:00,-0.12
12/11/2025 7:00,-0.137
12/11/2025 8:00,-0.145
12/11/2025 9:00,-0.147
12/11/2025 10:00,-0.15
12/11/2025 11:00,-0.175
12/11/2025 12:00,-0.19
12/11/2025 13:00,-0.149
12/11/2025 14:00,-0.152
12/11/2025 15:00,-0.141
12/11/2025 16:00,-0.143
12/11/2025 17:00,-0.157
12/11/2025 18:00,-0.139
12/11/2025 19:00,-0.124
12/11/2025 20:00,-0.138
12/11/2025 21:00,-0.154
12/11/2025 22:00,-0.146
12/11/2025 23:00,-0.14
12/12/2025 0:00,-0.137
12/12/2025 1:00,-0.138
12/12/2025 2:00,-0.134
12/12/2025 3:00,-0.151
12/12/2025 4:00,-0.158
12/12/2025 5:00,-0.156
12/12/2025 6:00,-0.153
12/12/2025 7:00,-0.156
12/12/2025 8:00,-0.171
12/12/2025 9:00,-0.177
12/12/2025 10:00,-0.158
12/12/2025 11:00,-0.178
12/12/2025 12:00,-0.154
12/12/2025 13:00,-0.16
12/12/2025 14:00,-0.175
12/12/2025 15:00,-0.178
12/12/2025 16:00,-0.175
12/12/2025 17:00,-0.169
12/12/2025 18:00,-0.162
12/12/2025 19:00,-0.159
12/12/2025 20:00,-0.158
12/12/2025 21:00,-0.165
12/12/2025 22:00,-0.167
12/12/2025 23:00,-0.172
12/13/2025 0:00,-0.177
12/13/2025 1:00,-0.175
12/13/2025 2:00,-0.185
12/13/2025 3:00,-0.166
12/13/2025 4:00,-0.191
12/13/2025 5:00,-0.197
12/13/2025 6:00,-0.207
12/13/2025 7:00,-0.187
12/13/2025 8:00,-0.182
12/13/2025 9:00,-0.182
12/13/2025 10:00,-0.183
12/13/2025 11:00,-0.177
12/13/2025 12:00,-0.188
12/13/2025 13:00,-0.203
12/13/2025 14:00,-0.186
12/13/2025 15:00,-0.176
12/13/2025 16:00,-0.168
12/13/2025 17:00,-0.177
12/13/2025 18:00,-0.184
12/13/2025 19:00,-0.1
12/13/2025 20:00,-0.166
12/13/2025 21:00,-0.161
12/13/2025 22:00,-0.167
12/13/2025 23:00,-0.187
12/14/2025 0:00,-0.205
12/14/2025 1:00,-0.213
12/14/2025 2:00,-0.19
12/14/2025 3:00,-0.202
12/14/2025 4:00,-0.189
12/14/2025 5:00,-0.192
12/14/2025 6:00,-0.187
12/14/2025 7:00,-0.176
12/14/2025 8:00,-0.176
12/14/2025 9:00,-0.182
12/14/2025 10:00,-0.168
12/14/2025 11:00,-0.171
12/14/2025 12:00,-0.164
12/14/2025 13:00,-0.151
12/14/2025 14:00,-0.151
12/14/2025 15:00,-0.14
12/14/2025 16:00,-0.16
12/14/2025 17:00,-0.163
12/14/2025 18:00,-0.141
12/14/2025 19:00,-0.138
12/14/2025 20:00,-0.135
12/14/2025 21:00,-0.137
12/14/2025 22:00,-0.131
12/14/2025 23:00,-0.136
12/15/2025 0:00,-0.14
12/15/2025 1:00,-0.139
12/15/2025 2:00,-0.163
12/15/2025 3:00,-0.145
12/15/2025 4:00,-0.18
12/15/2025 5:00,-0.177
12/15/2025 6:00,-0.183
12/15/2025 7:00,-0.162
12/15/2025 8:00,-0.169
12/15/2025 9:00,-0.188
12/15/2025 10:00,-0.176
12/15/2025 11:00,-0.175
12/15/2025 12:00,-0.166
12/15/2025 13:00,-0.187
12/15/2025 14:00,-0.148
12/15/2025 15:00,-0.138
12/15/2025 16:00,-0.129
12/15/2025 17:00,-0.142
12/15/2025 18:00,-0.133
12/15/2025 19:00,-0.143
12/15/2025 20:00,-0.135
12/15/2025 21:00,-0.139
12/15/2025 22:00,-0.141
12/15/2025 23:00,-0.147
12/16/2025 0:00,-0.137
12/16/2025 1:00,-0.142
12/16/2025 2:00,-0.157
12/16/2025 3:00,-0.179
12/16/2025 4:00,-0.175
12/16/2025 5:00,-0.157
12/16/2025 6:00,-0.161
12/16/2025 7:00,-0.145
12/16/2025 8:00,-0.148
12/16/2025 9:00,-0.129
12/16/2025 10:00,-0.124
12/16/2025 11:00,-0.119
12/16/2025 12:00,-0.124
12/16/2025 13:00,-0.132
12/16/2025 14:00,-0.138
12/16/2025 15:00,-0.145
12/16/2025 16:00,-0.152
12/16/2025 17:00,-0.12
12/16/2025 18:00,-0.153
12/16/2025 19:00,-0.14
12/16/2025 20:00,-0.124
12/16/2025 21:00,-0.14
12/16/2025 22:00,-0.144
12/16/2025 23:00,-0.16
12/17/2025 0:00,-0.155
12/17/2025 1:00,-0.179
12/17/2025 2:00,-0.202
12/17/2025 3:00,-0.194
12/17/2025 4:00,-0.202
12/17/2025 5:00,-0.188
12/17/2025 6:00,-0.202
12/17/2025 7:00,-0.217
12/17/2025 8:00,-0.21
12/17/2025 9:00,-0.179
12/17/2025 10:00,-0.194
12/17/2025 11:00,-0.175
12/17/2025 12:00,-0.189
12/17/2025 13:00,-0.16
12/17/2025 14:00,-0.174
12/17/2025 15:00,-0.16
12/17/2025 16:00,-0.173
12/17/2025 17:00,-0.139
12/17/2025 18:00,-0.161
12/17/2025 19:00,-0.138
12/17/2025 20:00,-0.124
12/17/2025 21:00,-0.123
12/17/2025 22:00,-0.115
12/17/2025 23:00,-0.115
12/18/2025 0:00,-0.132
12/18/2025 1:00,-0.119
12/18/2025 2:00,-0.122
12/18/2025 3:00,-0.108
12/18/2025 4:00,-0.098
12/18/2025 5:00,-0.096
12/18/2025 6:00,-0.1
12/18/2025 7:00,-0.122
12/18/2025 8:00,-0.111
12/18/2025 9:00,-0.122
12/18/2025 10:00,-0.105
12/18/2025 11:00,-0.119
12/18/2025 12:00,-0.124
12/18/2025 13:00,-0.137
12/18/2025 14:00,-0.149
12/18/2025 15:00,-0.152
12/18/2025 16:00,-0.146
12/18/2025 17:00,-0.125
12/18/2025 18:00,-0.133
12/18/2025 19:00,-0.144
12/18/2025 20:00,-0.144
12/18/2025 21:00,-0.128
12/18/2025 22:00,-0.125
12/18/2025 23:00,-0.153
12/19/2025 0:00,-0.163
12/19/2025 1:00,-0.132
12/19/2025 2:00,-0.18
12/19/2025 3:00,-0.222
12/19/2025 4:00,-0.212
12/19/2025 5:00,-0.24
12/19/2025 6:00,-0.233
12/19/2025 7:00,-0.228
12/19/2025 8:00,-0.239
12/19/2025 9:00,-0.24
12/19/2025 10:00,-0.225
12/19/2025 11:00,-0.215
12/19/2025 12:00,-0.222
12/19/2025 13:00,-0.22
12/19/2025 14:00,-0.235
12/19/2025 15:00,-0.221
12/19/2025 16:00,-0.185
12/19/2025 17:00,-0.234
12/19/2025 18:00,-0.189
12/19/2025 19:00,-0.168
12/19/2025 20:00,-0.183
12/19/2025 21:00,-0.195
12/19/2025 22:00,-0.207
12/19/2025 23:00,-0.2
12/20/2025 0:00,-0.225
12/20/2025 1:00,-0.213
12/20/2025 2:00,-0.217
12/20/2025 3:00,-0.23
12/20/2025 4:00,-0.22
12/20/2025 5:00,-0.206
12/20/2025 6:00,-0.21
12/20/2025 7:00,-0.214
12/20/2025 8:00,-0.217
12/20/2025 9:00,-0.197
12/20/2025 10:00,-0.195
12/20/2025 11:00,-0.179
12/20/2025 12:00,-0.191
12/20/2025 13:00,-0.193
12/20/2025 14:00,-0.184
12/20/2025 15:00,-0.171
12/20/2025 16:00,-0.156
12/20/2025 17:00,-0.176
12/20/2025 18:00,-0.18
12/20/2025 19:00,-0.174
12/20/2025 20:00,-0.171
12/20/2025 21:00,-0.189
12/20/2025 22:00,-0.216
12/20/2025 23:00,-0.138
12/21/2025 0:00,-0.167
12/21/2025 1:00,-0.17
12/21/2025 2:00,-0.141
12/21/2025 3:00,-0.163
12/21/2025 4:00,-0.136
12/21/2025 5:00,-0.143
12/21/2025 6:00,-0.159
12/21/2025 7:00,-0.162
12/21/2025 8:00,-0.161
12/21/2025 9:00,-0.155
12/21/2025 10:00,-0.162
12/21/2025 11:00,-0.15
12/21/2025 12:00,-0.179
12/21/2025 13:00,-0.166
12/21/2025 14:00,-0.184
12/21/2025 15:00,-0.158
12/21/2025 16:00,-0.145
12/21/2025 17:00,-0.149
12/21/2025 18:00,-0.132
12/21/2025 19:00,-0.138
12/21/2025 20:00,-0.134
12/21/2025 21:00,-0.113
12/21/2025 22:00,-0.118
12/21/2025 23:00,-0.095
12/22/2025 0:00,-0.078
12/22/2025 1:00,-0.086
12/22/2025 2:00,-0.077
12/22/2025 3:00,-0.073
12/22/2025 4:00,-0.072
12/22/2025 5:00,-0.082
12/22/2025 6:00,-0.069
12/22/2025 7:00,-0.083
12/22/2025 8:00,-0.091
12/22/2025 9:00,-0.071
12/22/2025 10:00,-0.057
12/22/2025 11:00,-0.036
12/22/2025 12:00,-0.029
12/22/2025 13:00,-0.043
12/22/2025 14:00,-0.051
12/22/2025 15:00,-0.033
12/22/2025 16:00,-0.05
12/22/2025 17:00,-0.042
12/22/2025 18:00,-0.031
12/22/2025 19:00,-0.017
12/22/2025 20:00,-0.04
12/22/2025 21:00,-0.048
12/22/2025 22:00,-0.048
12/22/2025 23:00,-0.036
12/23/2025 0:00,-0.042
12/23/2025 1:00,-0.05
12/23/2025 2:00,-0.041
12/23/2025 3:00,-0.05
12/23/2025 4:00,-0.041
12/23/2025 5:00,-0.053
12/23/2025 6:00,-0.061
12/23/2025 7:00,-0.054
12/23/2025 8:00,-0.038
12/23/2025 9:00,-0.03
12/23/2025 10:00,-0.042
12/23/2025 11:00,-0.044
12/23/2025 12:00,-0.027
12/23/2025 13:00,-0.012
12/23/2025 14:00,0.004
12/23/2025 15:00,0.014
12/23/2025 16:00,0.018
12/23/2025 17:00,0.029
12/23/2025 18:00,0.036
12/23/2025 19:00,0.045
12/23/2025 20:00,0.058
12/23/2025 21:00,0.054
12/23/2025 22:00,0.07
12/23/2025 23:00,0.082
12/24/2025 0:00,0.076
12/24/2025 1:00,0.079
12/24/2025 2:00,0.098
12/24/2025 3:00,0.109
12/24/2025 4:00,0.133
12/24/2025 5:00,0.141
12/24/2025 6:00,0.126
12/24/2025 7:00,0.144
12/24/2025 8:00,0.149
12/24/2025 9:00,0.15
12/24/2025 10:00,0.164
12/24/2025 11:00,0.17
12/24/2025 12:00,0.208
12/24/2025 13:00,0.224
12/24/2025 14:00,0.245
12/24/2025 15:00,0.264
12/24/2025 16:00,0.262
12/24/2025 17:00,0.269
12/24/2025 18:00,0.267
12/24/2025 19:00,0.245
12/24/2025 20:00,0.234
12/24/2025 21:00,0.217
12/24/2025 22:00,0.202
12/24/2025 23:00,0.175
12/25/2025 0:00,0.184
12/25/2025 1:00,0.187
12/25/2025 2:00,0.173
12/25/2025 3:00,0.156
12/25/2025 4:00,0.152
12/25/2025 5:00,0.16
12/25/2025 6:00,0.147
12/25/2025 7:00,0.142
12/25/2025 8:00,0.14
12/25/2025 9:00,0.122
12/25/2025 10:00,0.116
12/25/2025 11:00,0.114
12/25/2025 12:00,0.118
12/25/2025 13:00,0.12
12/25/2025 14:00,0.12
12/25/2025 15:00,0.121
12/25/2025 16:00,0.131
12/25/2025 17:00,0.154
12/25/2025 18:00,0.171
12/25/2025 19:00,0.168
12/25/2025 20:00,0.189
12/25/2025 21:00,0.168
12/25/2025 22:00,0.186
12/25/2025 23:00,0.142
12/26/2025 0:00,0.132
12/26/2025 1:00,0.108
12/26/2025 2:00,0.097
12/26/2025 3:00,0.086
12/26/2025 4:00,0.087
12/26/2025 5:00,0.079
12/26/2025 6:00,0.096
12/26/2025 7:00,0.079
12/26/2025 8:00,0.096
12/26/2025 9:00,0.086
12/26/2025 10:00,0.085
12/26/2025 11:00,0.081
12/26/2025 12:00,0.083
12/26/2025 13:00,0.096
12/26/2025 14:00,0.107
12/26/2025 15:00,0.105
12/26/2025 16:00,0.118
12/26/2025 17:00,0.126
12/26/2025 18:00,0.141
12/26/2025 19:00,0.155
12/26/2025 20:00,0.18
12/26/2025 21:00,0.185
12/26/2025 22:00,0.18
12/26/2025 23:00,0.178
12/27/2025 0:00,0.171
12/27/2025 1:00,0.187
12/27/2025 2:00,0.181
12/27/2025 3:00,0.191
12/27/2025 4:00,0.178
12/27/2025 5:00,0.178
12/27/2025 6:00,0.177
12/27/2025 7:00,0.183
12/27/2025 8:00,0.177
12/27/2025 9:00,0.18
12/27/2025 10:00,0.183
12/27/2025 11:00,0.193
12/27/2025 12:00,0.22
12/27/2025 13:00,0.214
12/27/2025 14:00,0.215
12/27/2025 15:00,0.231
12/27/2025 16:00,0.226
12/27/2025 17:00,0.243
12/27/2025 18:00,0.25
12/27/2025 19:00,0.202
12/27/2025 20:00,0.238
12/27/2025 21:00,0.236
12/27/2025 22:00,0.23
12/27/2025 23:00,0.23
12/28/2025 0:00,0.212
12/28/2025 1:00,0.207
12/28/2025 2:00,0.209
12/28/2025 3:00,0.188
12/28/2025 4:00,0.167
12/28/2025 5:00,0.16
12/28/2025 6:00,0.179
12/28/2025 7:00,0.169
12/28/2025 8:00,0.176
12/28/2025 9:00,0.162
12/28/2025 10:00,0.165
12/28/2025 11:00,0.157
12/28/2025 12:00,0.141
12/28/2025 13:00,0.124
12/28/2025 14:00,0.129
12/28/2025 15:00,0.106
12/28/2025 16:00,0.115
12/28/2025 17:00,0.152
12/28/2025 18:00,0.187
12/28/2025 19:00,0.208
12/28/2025 20:00,0.237
12/28/2025 21:00,0.24
12/28/2025 22:00,0.241
12/28/2025 23:00,0.221
12/29/2025 0:00,0.227
12/29/2025 1:00,0.229
12/29/2025 2:00,0.193
12/29/2025 3:00,0.201
12/29/2025 4:00,0.199
12/29/2025 5:00,0.191
12/29/2025 6:00,0.17
12/29/2025 7:00,0.178
12/29/2025 8:00,0.163
12/29/2025 9:00,0.163
12/29/2025 10:00,0.161
12/29/2025 11:00,0.156
12/29/2025 12:00,0.156
12/29/2025 13:00,0.176
12/29/2025 14:00,0.163
12/29/2025 15:00,0.156
12/29/2025 16:00,0.162
12/29/2025 17:00,0.173
12/29/2025 18:00,0.171
12/29/2025 19:00,0.196
12/29/2025 20:00,0.234
12/29/2025 21:00,0.249
12/29/2025 22:00,0.267
12/29/2025 23:00,0.247
12/30/2025 0:00,0.253
12/30/2025 1:00,0.254
12/30/2025 2:00,0.271
12/30/2025 3:00,0.268
12/30/2025 4:00,0.255
12/30/2025 5:00,0.273
12/30/2025 6:00,0.251
12/30/2025 7:00,0.243
12/30/2025 8:00,0.232
12/30/2025 9:00,0.237
12/30/2025 10:00,0.252
12/30/2025 11:00,0.231
12/30/2025 12:00,0.203
12/30/2025 13:00,0.177
12/30/2025 14:00,0.166
12/30/2025 15:00,0.144
12/30/2025 16:00,0.135
12/30/2025 17:00,0.143
12/30/2025 18:00,0.145
12/30/2025 19:00,0.124
12/30/2025 20:00,0.153
12/30/2025 21:00,0.123
12/30/2025 22:00,0.108
12/30/2025 23:00,0.087
12/31/2025 0:00,0.067
12/31/2025 1:00,0.066
12/31/2025 2:00,0.048
12/31/2025 3:00,0.048
12/31/2025 4:00,0.043
12/31/2025 5:00,0.033
12/31/2025 6:00,0.03
12/31/2025 7:00,0.01
12/31/2025 8:00,0.014
12/31/2025 9:00,0.0
12/31/2025 10:00,-0.01
12/31/2025 11:00,-0.023
12/31/2025 12:00,-0.044
12/31/2025 13:00,-0.057
12/31/2025 14:00,-0.055
12/31/2025 15:00,-0.084
12/31/2025 16:00,-0.088
12/31/2025 17:00,-0.104
12/31/2025 18:00,-0.099
12/31/2025 19:00,-0.082
12/31/2025 20:00,-0.085
12/31/2025 21:00,-0.091
12/31/2025 22:00,-0.099
12/31/2025 23:00,-0.11
1/1/2026 0:00,-0.116
1/1/2026 1:00,-0.134
1/1/2026 2:00,-0.122
1/1/2026 3:00,-0.132
1/1/2026 4:00,-0.114
1/1/2026 5:00,-0.09
1/1/2026 6:00,-0.071
1/1/2026 7:00,-0.032
1/1/2026 8:00,0.001
1/1/2026 9:00,0.034
1/1/2026 10:00,0.036
1/1/2026 11:00,0.046
1/1/2026 12:00,0.058
1/1/2026 13:00,0.072
1/1/2026 14:00,0.072
1/1/2026 15:00,0.064
1/1/2026 16:00,0.057
1/1/2026 17:00,0.049
1/1/2026 18:00,0.052
1/1/2026 19:00,0.042
1/1/2026 20:00,0.03
1/1/2026 21:00,0.02
1/1/2026 22:00,0.003
1/1/2026 23:00,0.005
1/2/2026 0:00,-0.012
1/2/2026 1:00,-0.016
1/2/2026 2:00,-0.022
1/2/2026 3:00,-0.024
1/2/2026 4:00,-0.034
1/2/2026 5:00,-0.043
1/2/2026 6:00,-0.041
1/2/2026 7:00,-0.035
1/2/2026 8:00,-0.007
1/2/2026 9:00,-0.023
1/2/2026 10:00,-0.007
1/2/2026 11:00,-0.003
1/2/2026 12:00,0.02
1/2/2026 13:00,0.029
1/2/2026 14:00,0.051
1/2/2026 15:00,0.047
1/2/2026 16:00,0.047
1/2/2026 17:00,0.059
1/2/2026 18:00,0.103
1/2/2026 19:00,0.105
1/2/2026 20:00,0.125
1/2/2026 21:00,0.153
1/2/2026 22:00,0.161
1/2/2026 23:00,0.158
1/3/2026 0:00,0.152
1/3/2026 1:00,0.175
1/3/2026 2:00,0.171
1/3/2026 3:00,0.171
1/3/2026 4:00,0.152
1/3/2026 5:00,0.171
1/3/2026 6:00,0.158
1/3/2026 7:00,0.147
1/3/2026 8:00,0.146
1/3/2026 9:00,0.142
1/3/2026 10:00,0.148
1/3/2026 11:00,0.147
1/3/2026 12:00,0.145
1/3/2026 13:00,0.154
1/3/2026 14:00,0.157
1/3/2026 15:00,0.163
1/3/2026 16:00,0.165
1/3/2026 17:00,0.157
1/3/2026 18:00,0.169
1/3/2026 19:00,0.174
1/3/2026 20:00,0.188
1/3/2026 21:00,0.197
1/3/2026 22:00,0.198
1/3/2026 23:00,0.206
1/4/2026 0:00,0.189
1/4/2026 1:00,0.18
1/4/2026 2:00,0.174
1/4/2026 3:00,0.161
1/4/2026 4:00,0.157
1/4/2026 5:00,0.148
1/4/2026 6:00,0.141
1/4/2026 7:00,0.127
1/4/2026 8:00,0.118
1/4/2026 9:00,0.116
1/4/2026 10:00,0.114
1/4/2026 11:00,0.121
1/4/2026 12:00,0.117
1/4/2026 13:00,0.119
1/4/2026 14:00,0.129
1/4/2026 15:00,0.125
1/4/2026 16:00,0.128
1/4/2026 17:00,0.124
1/4/2026 18:00,0.138
1/4/2026 19:00,0.175
1/4/2026 20:00,0.182
1/4/2026 21:00,0.191
1/4/2026 22:00,0.205
1/4/2026 23:00,0.198
1/5/2026 0:00,0.215
1/5/2026 1:00,0.215
1/5/2026 2:00,0.226
1/5/2026 3:00,0.209
1/5/2026 4:00,0.2
1/5/2026 5:00,0.195
1/5/2026 6:00,0.18
1/5/2026 7:00,0.161
1/5/2026 8:00,0.152
1/5/2026 9:00,0.151
1/5/2026 10:00,0.156
1/5/2026 11:00,0.164
1/5/2026 12:00,0.166
1/5/2026 13:00,0.173
1/5/2026 14:00,0.176
1/5/2026 15:00,0.168
1/5/2026 16:00,0.167
1/5/2026 17:00,0.167
1/5/2026 18:00,0.169
1/5/2026 19:00,0.177
1/5/2026 20:00,0.189
1/5/2026 21:00,0.196
1/5/2026 22:00,0.214
1/5/2026 23:00,0.228
1/6/2026 0:00,0.242
1/6/2026 1:00,0.26
1/6/2026 2:00,0.267
1/6/2026 3:00,0.28
1/6/2026 4:00,0.269
1/6/2026 5:00,0.276
1/6/2026 6:00,0.28
1/6/2026 7:00,0.275
1/6/2026 8:00,0.288
1/6/2026 9:00,0.259
1/6/2026 10:00,0.267
1/6/2026 11:00,0.257
1/6/2026 12:00,0.252
1/6/2026 13:00,0.237
1/6/2026 14:00,0.24
1/6/2026 15:00,0.242
1/6/2026 16:00,0.238
1/6/2026 17:00,0.235
1/6/2026 18:00,0.234
1/6/2026 19:00,0.249
1/6/2026 20:00,0.261
1/6/2026 21:00,0.257
1/6/2026 22:00,0.239
1/6/2026 23:00,0.246
1/7/2026 0:00,0.229
1/7/2026 1:00,0.233
1/7/2026 2:00,0.227
1/7/2026 3:00,0.23
1/7/2026 4:00,0.241
1/7/2026 5:00,0.249
1/7/2026 6:00,0.255
1/7/2026 7:00,0.25
1/7/2026 8:00,0.255
1/7/2026 9:00,0.269
1/7/2026 10:00,0.268
1/7/2026 11:00,0.28
1/7/2026 12:00,0.293
1/7/2026 13:00,0.301
1/7/2026 14:00,0.302
1/7/2026 15:00,0.316
1/7/2026 16:00,0.315
1/7/2026 17:00,0.323
1/7/2026 18:00,0.321
1/7/2026 19:00,0.325
1/7/2026 20:00,0.338
1/7/2026 21:00,0.335
1/7/2026 22:00,0.33
1/7/2026 23:00,0.33
1/8/2026 0:00,0.333
1/8/2026 0:00,0.333
1/8/2026 1:00,0.342
1/8/2026 2:00,0.316
1/8/2026 3:00,0.344
1/8/2026 4:00,0.345
1/8/2026 5:00,0.347
1/8/2026 6:00,0.357
1/8/2026 7:00,0.374
1/8/2026 8:00,0.342
1/8/2026 9:00,0.359
1/8/2026 10:00,0.362
1/8/2026 11:00,0.364
1/8/2026 12:00,0.388
1/8/2026 13:00,0.384
1/8/2026 14:00,0.4
1/8/2026 15:00,0.404
1/8/2026 16:00,0.426
1/8/2026 17:00,0.462
1/8/2026 18:00,0.476
1/8/2026 19:00,0.501
1/8/2026 20:00,0.512
1/8/2026 21:00,0.521
1/8/2026 22:00,0.508
1/8/2026 23:00,0.494
1/9/2026 0:00,0.518
1/9/2026 1:00,0.517
1/9/2026 2:00,0.505
1/9/2026 3:00,0.516
1/9/2026 4:00,0.507
1/9/2026 5:00,0.494
1/9/2026 6:00,0.508
1/9/2026 7:00,0.499
1/9/2026 8:00,0.472
1/9/2026 9:00,0.451
1/9/2026 10:00,0.447
1/9/2026 11:00,0.442
1/9/2026 12:00,0.433
1/9/2026 13:00,0.417
1/9/2026 14:00,0.402
1/9/2026 15:00,0.382
1/9/2026 16:00,0.347
1/9/2026 17:00,0.336
1/9/2026 18:00,0.34
1/9/2026 19:00,0.334
1/9/2026 20:00,0.342
1/9/2026 21:00,0.349
1/9/2026 22:00,0.342
1/9/2026 23:00,0.324
1/10/2026 0:00,0.306
1/10/2026 1:00,0.309
1/10/2026 2:00,0.304
1/10/2026 3:00,0.255
1/10/2026 4:00,0.268
1/10/2026 5:00,0.277
1/10/2026 6:00,0.297
1/10/2026 7:00,0.281
1/10/2026 8:00,0.279
1/10/2026 9:00,0.28
1/10/2026 10:00,0.285
1/10/2026 11:00,0.26
1/10/2026 12:00,0.253
1/10/2026 13:00,0.276
1/10/2026 14:00,0.284
1/10/2026 15:00,0.279
1/10/2026 16:00,0.275
1/10/2026 17:00,0.29
1/10/2026 18:00,0.288
1/10/2026 19:00,0.293
1/10/2026 20:00,0.322
1/10/2026 21:00,0.303
1/10/2026 22:00,0.31
1/10/2026 23:00,0.33
1/11/2026 0:00,0.291
1/11/2026 1:00,0.341
1/11/2026 2:00,0.341
1/11/2026 3:00,0.349
1/11/2026 4:00,0.362
1/11/2026 5:00,0.369
1/11/2026 6:00,0.385
1/11/2026 7:00,0.385
1/11/2026 8:00,0.374
1/11/2026 9:00,0.377
1/11/2026 10:00,0.37
1/11/2026 11:00,0.358
1/11/2026 12:00,0.365
1/11/2026 13:00,0.367
1/11/2026 14:00,0.358
1/11/2026 15:00,0.34
1/11/2026 16:00,0.317
1/11/2026 17:00,0.3
1/11/2026 18:00,0.307
1/11/2026 19:00,0.3
1/11/2026 20:00,0.303
1/11/2026 21:00,0.31
1/11/2026 22:00,0.307
1/11/2026 23:00,0.311
1/12/2026 0:00,0.308
1/12/2026 1:00,0.304
1/12/2026 2:00,0.305
1/12/2026 3:00,0.333
1/12/2026 4:00,0.328
1/12/2026 5:00,0.312
1/12/2026 6:00,0.294
1/12/2026 7:00,0.281
1/12/2026 8:00,0.26
1/12/2026 9:00,0.263
1/12/2026 10:00,0.267
1/12/2026 11:00,0.265
1/12/2026 12:00,0.276
1/12/2026 13:00,0.278
1/12/2026 14:00,0.299
1/12/2026 15:00,0.291
1/12/2026 16:00,0.284
1/12/2026 17:00,0.294
1/12/2026 18:00,0.322
1/12/2026 19:00,0.313
1/12/2026 20:00,0.331
1/12/2026 21:00,0.338
1/12/2026 22:00,0.351
1/12/2026 23:00,0.356
1/13/2026 0:00,0.368
1/13/2026 1:00,0.36
1/13/2026 2:00,0.37
1/13/2026 3:00,0.371
1/13/2026 4:00,0.378
1/13/2026 5:00,0.38
1/13/2026 6:00,0.384
1/13/2026 7:00,0.382
1/13/2026 8:00,0.388
1/13/2026 9:00,0.382
1/13/2026 10:00,0.38
1/13/2026 11:00,0.376
1/13/2026 12:00,0.371
1/13/2026 13:00,0.383
1/13/2026 14:00,0.381
1/13/2026 15:00,0.385
1/13/2026 16:00,0.389
1/13/2026 17:00,0.406
1/13/2026 18:00,0.403
1/13/2026 19:00,0.405
1/13/2026 20:00,0.414
1/13/2026 21:00,0.412
1/13/2026 22:00,0.411
1/13/2026 23:00,0.4
1/14/2026 0:00,0.413
1/14/2026 1:00,0.39
1/14/2026 2:00,0.384
1/14/2026 3:00,0.374
1/14/2026 4:00,0.369
1/14/2026 5:00,0.359
1/14/2026 6:00,0.345
1/14/2026 7:00,0.34
1/14/2026 8:00,0.342
1/14/2026 9:00,0.332
1/14/2026 10:00,0.334
1/14/2026 11:00,0.333
1/14/2026 12:00,0.322
1/14/2026 13:00,0.315
1/14/2026 14:00,0.318
1/14/2026 15:00,0.307
1/14/2026 16:00,0.308
1/14/2026 17:00,0.305
1/14/2026 18:00,0.299
1/14/2026 19:00,0.302
1/14/2026 20:00,0.288
1/14/2026 21:00,0.287
1/14/2026 22:00,0.291
1/14/2026 23:00,0.286
1/15/2026 0:00,0.287
1/15/2026 1:00,0.281
1/15/2026 2:00,0.277
1/15/2026 3:00,0.275
1/15/2026 4:00,0.275
1/15/2026 5:00,0.272
1/15/2026 6:00,0.274
1/15/2026 7:00,0.271
1/15/2026 8:00,0.282
1/15/2026 9:00,0.288
1/15/2026 10:00,0.307
1/15/2026 11:00,0.321
1/15/2026 12:00,0.32
1/15/2026 13:00,0.343
1/15/2026 14:00,0.353
1/15/2026 15:00,0.362
1/15/2026 16:00,0.358
1/15/2026 17:00,0.343
1/15/2026 18:00,0.335
1/15/2026 19:00,0.322
1/15/2026 20:00,0.312
1/15/2026 21:00,0.314
1/15/2026 22:00,0.32
1/15/2026 23:00,0.323
1/16/2026 0:00,0.327
1/16/2026 1:00,0.324
1/16/2026 2:00,0.318
1/16/2026 3:00,0.313
1/16/2026 4:00,0.296
1/16/2026 5:00,0.286
1/16/2026 6:00,0.268
1/16/2026 7:00,0.273
1/16/2026 8:00,0.277
1/16/2026 9:00,0.291
1/16/2026 10:00,0.293
1/16/2026 11:00,0.306
1/16/2026 12:00,0.306
1/16/2026 13:00,0.313
1/16/2026 14:00,0.311
1/16/2026 15:00,0.329
1/16/2026 16:00,0.322
1/16/2026 17:00,0.306
1/16/2026 18:00,0.31
1/16/2026 19:00,0.309
1/16/2026 20:00,0.31
1/16/2026 21:00,0.287
1/16/2026 22:00,0.289
1/16/2026 23:00,0.272
1/17/2026 0:00,0.264
1/17/2026 1:00,0.264
1/17/2026 2:00,0.264
1/17/2026 3:00,0.254
1/17/2026 4:00,0.249
1/17/2026 5:00,0.251
1/17/2026 6:00,0.258
1/17/2026 7:00,0.275
1/17/2026 8:00,0.296
1/17/2026 9:00,0.304
1/17/2026 10:00,0.331
1/17/2026 11:00,0.354
1/17/2026 12:00,0.363
1/17/2026 13:00,0.374
1/17/2026 14:00,0.385
1/17/2026 15:00,0.384
1/17/2026 16:00,0.399
1/17/2026 17:00,0.395
1/17/2026 18:00,0.408
1/17/2026 19:00,0.415
1/17/2026 20:00,0.413
1/17/2026 21:00,0.411
1/17/2026 22:00,0.415
1/17/2026 23:00,0.402
1/18/2026 0:00,0.399
1/18/2026 1:00,0.398
1/18/2026 2:00,0.394
1/18/2026 3:00,0.393
1/18/2026 4:00,0.393
1/18/2026 5:00,0.386
1/18/2026 6:00,0.386
1/18/2026 7:00,0.376
1/18/2026 8:00,0.357
1/18/2026 9:00,0.352
1/18/2026 10:00,0.348
1/18/2026 11:00,0.335
1/18/2026 12:00,0.351
1/18/2026 13:00,0.323
1/18/2026 14:00,0.31
1/18/2026 15:00,0.299
1/18/2026 16:00,0.296
1/18/2026 17:00,0.313
1/18/2026 18:00,0.335
1/18/2026 19:00,0.363
1/18/2026 20:00,0.363
1/18/2026 21:00,0.382
1/18/2026 22:00,0.392
1/18/2026 23:00,0.402
1/19/2026 0:00,0.412
1/19/2026 1:00,0.414
1/19/2026 2:00,0.413
1/19/2026 3:00,0.402
1/19/2026 4:00,0.396
1/19/2026 5:00,0.391
1/19/2026 6:00,0.379
1/19/2026 7:00,0.369
1/19/2026 8:00,0.359
1/19/2026 9:00,0.364
1/19/2026 10:00,0.354
1/19/2026 11:00,0.356
1/19/2026 12:00,0.355
1/19/2026 13:00,0.356
1/19/2026 14:00,0.365
1/19/2026 15:00,0.367
1/19/2026 16:00,0.362
1/19/2026 17:00,0.365
1/19/2026 18:00,0.377
1/19/2026 19:00,0.4
1/19/2026 20:00,0.415
1/19/2026 21:00,0.424
1/19/2026 22:00,0.431
1/19/2026 23:00,0.448
1/20/2026 0:00,0.451
1/20/2026 1:00,0.443
1/20/2026 2:00,0.447
1/20/2026 3:00,0.455
1/20/2026 4:00,0.451
1/20/2026 5:00,0.426
1/20/2026 6:00,0.418
1/20/2026 7:00,0.396
1/20/2026 8:00,0.392
1/20/2026 9:00,0.376
1/20/2026 10:00,0.356
1/20/2026 11:00,0.349
1/20/2026 12:00,0.357
1/20/2026 13:00,0.36
1/20/2026 14:00,0.379
1/20/2026 15:00,0.376
1/20/2026 16:00,0.378
1/20/2026 17:00,0.379
1/20/2026 18:00,0.375
1/20/2026 19:00,0.37
1/20/2026 20:00,0.366
1/20/2026 21:00,0.369
1/20/2026 22:00,0.369
1/20/2026 23:00,0.363
1/21/2026 0:00,0.356
1/21/2026 1:00,0.347
1/21/2026 2:00,0.338
1/21/2026 3:00,0.327
1/21/2026 4:00,0.313
1/21/2026 5:00,0.303
1/21/2026 6:00,0.291
1/21/2026 7:00,0.284
1/21/2026 8:00,0.278
1/21/2026 9:00,0.277
1/21/2026 10:00,0.281
1/21/2026 11:00,0.28
1/21/2026 12:00,0.294
1/21/2026 13:00,0.302
1/21/2026 14:00,0.303
1/21/2026 15:00,0.31
1/21/2026 16:00,0.318
1/21/2026 17:00,0.324
1/21/2026 18:00,0.345
1/21/2026 19:00,0.356
1/21/2026 20:00,0.367
1/21/2026 21:00,0.376
1/21/2026 22:00,0.385
1/21/2026 23:00,0.392
1/22/2026 0:00,0.4
1/22/2026 1:00,0.413
1/22/2026 2:00,0.417
1/22/2026 3:00,0.413
1/22/2026 4:00,0.418
1/22/2026 5:00,0.423
1/22/2026 6:00,0.434
1/22/2026 7:00,0.413
1/22/2026 8:00,0.411
1/22/2026 9:00,0.411
1/22/2026 10:00,0.414
1/22/2026 11:00,0.414
1/22/2026 12:00,0.417
1/22/2026 13:00,0.428
1/22/2026 14:00,0.426
1/22/2026 15:00,0.422
1/22/2026 16:00,0.424
1/22/2026 17:00,0.43
1/22/2026 18:00,0.44
1/22/2026 19:00,0.446
1/22/2026 20:00,0.451
1/22/2026 21:00,0.462
1/22/2026 22:00,0.462
1/22/2026 23:00,0.469
1/23/2026 0:00,0.472
1/23/2026 1:00,0.466
1/23/2026 2:00,0.457
1/23/2026 3:00,0.465
1/23/2026 4:00,0.457
1/23/2026 5:00,0.478
1/23/2026 6:00,0.473
1/23/2026 7:00,0.455
1/23/2026 8:00,0.448
1/23/2026 9:00,0.447
1/23/2026 10:00,0.435
1/23/2026 11:00,0.433
1/23/2026 12:00,0.423
1/23/2026 13:00,0.444
1/23/2026 14:00,0.449
1/23/2026 15:00,0.451
1/23/2026 16:00,0.454
1/23/2026 17:00,0.442
1/23/2026 18:00,0.462
1/23/2026 19:00,0.463
1/23/2026 20:00,0.473
1/23/2026 21:00,0.468
1/23/2026 22:00,0.446
1/23/2026 23:00,0.433
1/24/2026 0:00,0.413
1/24/2026 1:00,0.408
1/24/2026 2:00,0.407
1/24/2026 3:00,0.406
1/24/2026 4:00,0.408
1/24/2026 5:00,0.385
1/24/2026 6:00,0.387
1/24/2026 7:00,0.395
1/24/2026 8:00,0.384
1/24/2026 9:00,0.377
1/24/2026 10:00,0.367
1/24/2026 11:00,0.354
1/24/2026 12:00,0.342
1/24/2026 13:00,0.335
1/24/2026 14:00,0.321
1/24/2026 15:00,0.321
1/24/2026 16:00,0.33
1/24/2026 17:00,0.335
1/24/2026 18:00,0.343
1/24/2026 19:00,0.348
1/24/2026 20:00,0.346
1/24/2026 21:00,0.34
1/24/2026 22:00,0.333
1/24/2026 23:00,0.309
1/25/2026 0:00,0.295
1/25/2026 1:00,0.273
1/25/2026 2:00,0.249
1/25/2026 3:00,0.239
1/25/2026 4:00,0.25
1/25/2026 5:00,0.251
1/25/2026 6:00,0.263
1/25/2026 7:00,0.262
1/25/2026 8:00,0.272
1/25/2026 9:00,0.29
1/25/2026 10:00,0.285
1/25/2026 11:00,0.302
1/25/2026 12:00,0.313
1/25/2026 13:00,0.316
1/25/2026 14:00,0.322
1/25/2026 15:00,0.331
1/25/2026 16:00,0.345
1/25/2026 17:00,0.346
1/25/2026 18:00,0.35
1/25/2026 19:00,0.364
1/25/2026 20:00,0.366
1/25/2026 21:00,0.362
1/25/2026 22:00,0.366
1/25/2026 23:00,0.39
1/26/2026 0:00,0.415
1/26/2026 1:00,0.443
1/26/2026 2:00,0.471
1/26/2026 3:00,0.497
1/26/2026 4:00,0.538
1/26/2026 5:00,0.567
1/26/2026 6:00,0.591
1/26/2026 7:00,0.612
1/26/2026 8:00,0.623
1/26/2026 9:00,0.632
1/26/2026 10:00,0.659
1/26/2026 11:00,0.667
1/26/2026 12:00,0.671
1/26/2026 13:00,0.677
1/26/2026 14:00,0.68
1/26/2026 15:00,0.689
1/26/2026 16:00,0.676
1/26/2026 17:00,0.683
1/26/2026 18:00,0.677
1/26/2026 19:00,0.677
1/26/2026 20:00,0.671
1/26/2026 21:00,0.664
1/26/2026 22:00,0.656
1/26/2026 23:00,0.646
1/27/2026 0:00,0.637
1/27/2026 1:00,0.627
1/27/2026 2:00,0.633
1/27/2026 3:00,0.628
1/27/2026 4:00,0.632
1/27/2026 5:00,0.621
1/27/2026 6:00,0.625
1/27/2026 7:00,0.612
1/27/2026 8:00,0.606
1/27/2026 9:00,0.577
1/27/2026 10:00,0.568
1/27/2026 11:00,0.547
1/27/2026 12:00,0.526
1/27/2026 13:00,0.511
1/27/2026 14:00,0.496
1/27/2026 15:00,0.485
1/27/2026 16:00,0.487
1/27/2026 17:00,0.491
1/27/2026 18:00,0.504
1/27/2026 19:00,0.523
1/27/2026 20:00,0.544
1/27/2026 21:00,0.56
1/27/2026 22:00,0.573
1/27/2026 23:00,0.578
1/28/2026 0:00,0.582
1/28/2026 1:00,0.588
1/28/2026 2:00,0.599
1/28/2026 3:00,0.61
1/28/2026 4:00,0.624
1/28/2026 5:00,0.617
1/28/2026 6:00,0.606
1/28/2026 7:00,0.604
1/28/2026 8:00,0.579
1/28/2026 9:00,0.573
1/28/2026 10:00,0.559
1/28/2026 11:00,0.549
1/28/2026 12:00,0.532
1/28/2026 13:00,0.516
1/28/2026 14:00,0.507
1/28/2026 15:00,0.487
1/28/2026 16:00,0.492
1/28/2026 17:00,0.483
1/28/2026 18:00,0.492
1/28/2026 19:00,0.495
1/28/2026 20:00,0.502
1/28/2026 21:00,0.513
1/28/2026 22:00,0.511
1/28/2026 23:00,0.502
1/29/2026 0:00,0.498
1/29/2026 1:00,0.483
1/29/2026 2:00,0.472
1/29/2026 3:00,0.468
1/29/2026 4:00,0.465
1/29/2026 5:00,0.465
1/29/2026 6:00,0.463
1/29/2026 7:00,0.464
1/29/2026 8:00,0.458
1/29/2026 9:00,0.467
1/29/2026 10:00,0.463
1/29/2026 11:00,0.461
1/29/2026 12:00,0.456
1/29/2026 13:00,0.46
1/29/2026 14:00,0.455
1/29/2026 15:00,0.448
1/29/2026 16:00,0.453
1/29/2026 17:00,0.44
1/29/2026 18:00,0.449
1/29/2026 19:00,0.452
1/29/2026 20:00,0.462
1/29/2026 21:00,0.484
1/29/2026 22:00,0.478
1/29/2026 23:00,0.466
1/30/2026 0:00,0.465
1/30/2026 1:00,0.453
1/30/2026 2:00,0.448
1/30/2026 3:00,0.434
1/30/2026 4:00,0.415
1/30/2026 5:00,0.402
1/30/2026 6:00,0.402
1/30/2026 7:00,0.396
1/30/2026 8:00,0.393
1/30/2026 9:00,0.387
1/30/2026 10:00,0.383
1/30/2026 11:00,0.39
1/30/2026 12:00,0.382
1/30/2026 13:00,0.379
1/30/2026 14:00,0.384
1/30/2026 15:00,0.385
1/30/2026 16:00,0.379
1/30/2026 17:00,0.38
1/30/2026 18:00,0.373
1/30/2026 19:00,0.377
1/30/2026 20:00,0.366
1/30/2026 21:00,0.369
1/30/2026 22:00,0.366
1/30/2026 23:00,0.36
1/31/2026 0:00,0.357
1/31/2026 1:00,0.355
1/31/2026 2:00,0.349
1/31/2026 3:00,0.351
1/31/2026 4:00,0.354
1/31/2026 5:00,0.355
1/31/2026 6:00,0.367
1/31/2026 7:00,0.378
1/31/2026 8:00,0.389
1/31/2026 9:00,0.394
1/31/2026 10:00,0.41
1/31/2026 11:00,0.413
1/31/2026 12:00,0.422
1/31/2026 13:00,0.435
1/31/2026 14:00,0.429
1/31/2026 15:00,0.441
1/31/2026 16:00,0.432
1/31/2026 17:00,0.439
1/31/2026 18:00,0.438
1/31/2026 19:00,0.431
1/31/2026 20:00,0.434
1/31/2026 21:00,0.434
1/31/2026 22:00,0.438
1/31/2026 23:00,0.44
2/1/2026 0:00,0.463
2/1/2026 1:00,0.45
2/1/2026 2:00,0.452
2/1/2026 3:00,0.461
2/1/2026 4:00,0.472
2/1/2026 5:00,0.479
2/1/2026 6:00,0.493
2/1/2026 7:00,0.501
2/1/2026 8:00,0.508
2/1/2026 9:00,0.517
2/1/2026 10:00,0.532
2/1/2026 11:00,0.523
2/1/2026 12:00,0.536
2/1/2026 13:00,0.53
2/1/2026 14:00,0.523
2/1/2026 15:00,0.512
2/1/2026 16:00,0.513
2/1/2026 17:00,0.504
2/1/2026 18:00,0.501
2/1/2026 19:00,0.516
2/1/2026 20:00,0.537
2/1/2026 21:00,0.552
2/1/2026 22:00,0.566
2/1/2026 23:00,0.568
2/2/2026 0:00,0.557
2/2/2026 1:00,0.548
2/2/2026 2:00,0.544
2/2/2026 3:00,0.527
2/2/2026 4:00,0.49
2/2/2026 5:00,0.485
2/2/2026 6:00,0.47
2/2/2026 7:00,0.449
2/2/2026 8:00,0.436
2/2/2026 9:00,0.435
2/2/2026 10:00,0.423
2/2/2026 11:00,0.421
2/2/2026 12:00,0.408
2/2/2026 13:00,0.405
2/2/2026 14:00,0.4
2/2/2026 15:00,0.397
2/2/2026 16:00,0.399
2/2/2026 17:00,0.406
2/2/2026 18:00,0.409
2/2/2026 19:00,0.428
2/2/2026 20:00,0.454
2/2/2026 21:00,0.459
2/2/2026 22:00,0.477
2/2/2026 23:00,0.484
2/3/2026 0:00,0.49
2/3/2026 1:00,0.484
2/3/2026 2:00,0.473
2/3/2026 3:00,0.471
2/3/2026 4:00,0.459
2/3/2026 5:00,0.453
2/3/2026 6:00,0.444
2/3/2026 7:00,0.431
2/3/2026 8:00,0.417
2/3/2026 9:00,0.409
2/3/2026 10:00,0.406
2/3/2026 11:00,0.415
2/3/2026 12:00,0.417
2/3/2026 13:00,0.424
2/3/2026 14:00,0.428
2/3/2026 15:00,0.436
2/3/2026 16:00,0.439
2/3/2026 17:00,0.46
2/3/2026 18:00,0.482
2/3/2026 19:00,0.502
2/3/2026 20:00,0.516
2/3/2026 21:00,0.539
2/3/2026 22:00,0.556
2/3/2026 23:00,0.568
2/4/2026 0:00,0.583
2/4/2026 1:00,0.585
2/4/2026 2:00,0.584
2/4/2026 3:00,0.587
2/4/2026 4:00,0.594
2/4/2026 5:00,0.595
2/4/2026 6:00,0.6
2/4/2026 7:00,0.602
2/4/2026 8:00,0.591
2/4/2026 9:00,0.59
2/4/2026 10:00,0.587
2/4/2026 11:00,0.587
2/4/2026 12:00,0.583
2/4/2026 13:00,0.577
2/4/2026 14:00,0.564
2/4/2026 15:00,0.563
2/4/2026 16:00,0.561
2/4/2026 17:00,0.569
2/4/2026 18:00,0.585
2/4/2026 19:00,0.58
2/4/2026 20:00,0.582
2/4/2026 21:00,0.584
2/4/2026 22:00,0.593
2/4/2026 23:00,0.596
2/5/2026 0:00,0.592
2/5/2026 1:00,0.589
2/5/2026 2:00,0.574
2/5/2026 3:00,0.559
2/5/2026 4:00,0.544
2/5/2026 5:00,0.524
2/5/2026 6:00,0.508
2/5/2026 7:00,0.497
2/5/2026 8:00,0.487
2/5/2026 9:00,0.48
2/5/2026 10:00,0.468
2/5/2026 11:00,0.467
2/5/2026 12:00,0.465
2/5/2026 13:00,0.457
2/5/2026 14:00,0.453
2/5/2026 15:00,0.463
2/5/2026 16:00,0.475
2/5/2026 17:00,0.502
2/5/2026 18:00,0.513
2/5/2026 19:00,0.522
2/5/2026 20:00,0.529
2/5/2026 21:00,0.538
2/5/2026 22:00,0.542
2/5/2026 23:00,0.544
2/6/2026 0:00,0.557
2/6/2026 1:00,0.559
2/6/2026 2:00,0.563
2/6/2026 3:00,0.557
2/6/2026 4:00,0.541
2/6/2026 5:00,0.533
2/6/2026 6:00,0.523
2/6/2026 7:00,0.512
2/6/2026 8:00,0.495
2/6/2026 9:00,0.493
2/6/2026 10:00,0.482
2/6/2026 11:00,0.469
2/6/2026 12:00,0.481
2/6/2026 13:00,0.469
2/6/2026 14:00,0.474
2/6/2026 15:00,0.485
2/6/2026 16:00,0.489
2/6/2026 17:00,0.498
2/6/2026 18:00,0.505
2/6/2026 19:00,0.526
2/6/2026 20:00,0.534
2/6/2026 21:00,0.536
2/6/2026 22:00,0.542
2/6/2026 23:00,0.549
2/7/2026 0:00,0.545
2/7/2026 1:00,0.547
2/7/2026 2:00,0.55
2/7/2026 3:00,0.558
2/7/2026 4:00,0.571
2/7/2026 5:00,0.582
2/7/2026 6:00,0.596
2/7/2026 7:00,0.602
2/7/2026 8:00,0.603
2/7/2026 9:00,0.611
2/7/2026 10:00,0.607
2/7/2026 11:00,0.616
2/7/2026 12:00,0.64
2/7/2026 13:00,0.641
2/7/2026 14:00,0.65
2/7/2026 15:00,0.651
2/7/2026 16:00,0.647
2/7/2026 17:00,0.64
2/7/2026 18:00,0.63
2/7/2026 19:00,0.617
2/7/2026 20:00,0.604
2/7/2026 21:00,0.592
2/7/2026 22:00,0.574
2/7/2026 23:00,0.568
2/8/2026 0:00,0.556
2/8/2026 0:00,0.556
2/8/2026 1:00,0.545
2/8/2026 2:00,0.519
2/8/2026 3:00,0.525
2/8/2026 4:00,0.516
2/8/2026 5:00,0.504
2/8/2026 6:00,0.492
2/8/2026 7:00,0.487
2/8/2026 8:00,0.476
2/8/2026 9:00,0.463
2/8/2026 10:00,0.455
2/8/2026 11:00,0.448
2/8/2026 12:00,0.439
2/8/2026 13:00,0.43
2/8/2026 14:00,0.429
2/8/2026 15:00,0.431
2/8/2026 16:00,0.431
2/8/2026 17:00,0.43
2/8/2026 18:00,0.428
2/8/2026 19:00,0.437
2/8/2026 20:00,0.436
2/8/2026 21:00,0.434
2/8/2026 22:00,0.426
2/8/2026 23:00,0.409
2/9/2026 0:00,0.392
2/9/2026 1:00,0.384
2/9/2026 2:00,0.373
2/9/2026 3:00,0.379
2/9/2026 4:00,0.351
2/9/2026 5:00,0.344
2/9/2026 6:00,0.339
2/9/2026 7:00,0.333
2/9/2026 8:00,0.328
2/9/2026 9:00,0.321
2/9/2026 10:00,0.311
2/9/2026 11:00,0.313
2/9/2026 12:00,0.302
2/9/2026 13:00,0.295
2/9/2026 14:00,0.29
2/9/2026 15:00,0.3
2/9/2026 16:00,0.299
2/9/2026 17:00,0.313
2/9/2026 18:00,0.324
2/9/2026 19:00,0.355
2/9/2026 20:00,0.379
2/9/2026 21:00,0.403
2/9/2026 22:00,0.419
2/9/2026 23:00,0.416
2/10/2026 0:00,0.425
2/10/2026 1:00,0.401
2/10/2026 2:00,0.397
2/10/2026 3:00,0.389
2/10/2026 4:00,0.379
2/10/2026 5:00,0.365
2/10/2026 6:00,0.367
2/10/2026 7:00,0.355
2/10/2026 8:00,0.345
2/10/2026 9:00,0.331
2/10/2026 10:00,0.324
2/10/2026 11:00,0.314
2/10/2026 12:00,0.3
2/10/2026 13:00,0.291
2/10/2026 14:00,0.283
2/10/2026 15:00,0.276
2/10/2026 16:00,0.271
2/10/2026 17:00,0.271
2/10/2026 18:00,0.276
2/10/2026 19:00,0.294
2/10/2026 20:00,0.3
2/10/2026 21:00,0.31
2/10/2026 22:00,0.324
2/10/2026 23:00,0.332
2/11/2026 0:00,0.339
2/11/2026 1:00,0.351
2/11/2026 2:00,0.354
2/11/2026 3:00,0.38
2/11/2026 4:00,0.376
2/11/2026 5:00,0.38
2/11/2026 6:00,0.375
2/11/2026 7:00,0.383
2/11/2026 8:00,0.374
2/11/2026 9:00,0.365
2/11/2026 10:00,0.371
2/11/2026 11:00,0.362
2/11/2026 12:00,0.362
2/11/2026 13:00,0.353
2/11/2026 14:00,0.342
2/11/2026 15:00,0.337
2/11/2026 16:00,0.328
2/11/2026 17:00,0.332
2/11/2026 18:00,0.338
2/11/2026 19:00,0.349
2/11/2026 20:00,0.357
2/11/2026 21:00,0.372
2/11/2026 22:00,0.393
2/11/2026 23:00,0.414
2/12/2026 0:00,0.432
2/12/2026 1:00,0.451
2/12/2026 2:00,0.465
2/12/2026 3:00,0.473
2/12/2026 4:00,0.484
2/12/2026 5:00,0.496
2/12/2026 6:00,0.503
2/12/2026 7:00,0.501
2/12/2026 8:00,0.494
2/12/2026 9:00,0.489
2/12/2026 10:00,0.47
2/12/2026 11:00,0.452
2/12/2026 12:00,0.437
2/12/2026 13:00,0.42
2/12/2026 14:00,0.415
2/12/2026 15:00,0.413
2/12/2026 16:00,0.422
2/12/2026 17:00,0.419
2/12/2026 18:00,0.424
2/12/2026 19:00,0.419
2/12/2026 20:00,0.428
2/12/2026 21:00,0.432
2/12/2026 22:00,0.445
2/12/2026 23:00,0.45
2/13/2026 0:00,0.449
2/13/2026 1:00,0.446
2/13/2026 2:00,0.431
2/13/2026 3:00,0.409
2/13/2026 4:00,0.386
2/13/2026 5:00,0.361
2/13/2026 6:00,0.341
2/13/2026 7:00,0.319
2/13/2026 8:00,0.287
2/13/2026 9:00,0.269
2/13/2026 10:00,0.248
2/13/2026 11:00,0.228
2/13/2026 12:00,0.212
2/13/2026 13:00,0.192
2/13/2026 14:00,0.179
2/13/2026 15:00,0.149
2/13/2026 16:00,0.161
2/13/2026 17:00,0.163
2/13/2026 18:00,0.173
2/13/2026 19:00,0.173
2/13/2026 20:00,0.186
2/13/2026 21:00,0.189
2/13/2026 22:00,0.198
2/13/2026 23:00,0.216
2/14/2026 0:00,0.234
2/14/2026 1:00,0.238
2/14/2026 2:00,0.244
2/14/2026 3:00,0.242
2/14/2026 4:00,0.244
2/14/2026 5:00,0.238
2/14/2026 6:00,0.24
2/14/2026 7:00,0.226
2/14/2026 8:00,0.212
2/14/2026 9:00,0.207
2/14/2026 10:00,0.216
2/14/2026 11:00,0.207
2/14/2026 12:00,0.215
2/14/2026 13:00,0.219
2/14/2026 14:00,0.204
2/14/2026 15:00,0.207
2/14/2026 16:00,0.204
2/14/2026 17:00,0.224
2/14/2026 18:00,0.228
2/14/2026 19:00,0.244
2/14/2026 20:00,0.252
2/14/2026 21:00,0.266
2/14/2026 22:00,0.271
2/14/2026 23:00,0.271
2/15/2026 0:00,0.286
2/15/2026 1:00,0.283
2/15/2026 2:00,0.283
2/15/2026 3:00,0.274
2/15/2026 4:00,0.269
2/15/2026 5:00,0.254
2/15/2026 6:00,0.262
2/15/2026 7:00,0.252
2/15/2026 8:00,0.228
2/15/2026 9:00,0.206
2/15/2026 10:00,0.192
2/15/2026 11:00,0.163
2/15/2026 12:00,0.156
2/15/2026 13:00,0.153
2/15/2026 14:00,0.138
2/15/2026 15:00,0.129
2/15/2026 16:00,0.128
2/15/2026 17:00,0.158
2/15/2026 18:00,0.162
2/15/2026 19:00,0.172
2/15/2026 20:00,0.175
2/15/2026 21:00,0.201
2/15/2026 22:00,0.219
2/15/2026 23:00,0.236
2/16/2026 0:00,0.244
2/16/2026 1:00,0.245
2/16/2026 2:00,0.236
2/16/2026 3:00,0.227
2/16/2026 4:00,0.207
2/16/2026 5:00,0.194
2/16/2026 6:00,0.181
2/16/2026 7:00,0.159
2/16/2026 8:00,0.162
2/16/2026 9:00,0.155
2/16/2026 10:00,0.149
2/16/2026 11:00,0.136
2/16/2026 12:00,0.137
2/16/2026 13:00,0.133
2/16/2026 14:00,0.136
2/16/2026 15:00,0.143
2/16/2026 16:00,0.17
2/16/2026 17:00,0.194
2/16/2026 18:00,0.232
2/16/2026 19:00,0.259
2/16/2026 20:00,0.27
2/16/2026 21:00,0.289
2/16/2026 22:00,0.303
2/16/2026 23:00,0.322
2/17/2026 0:00,0.33
2/17/2026 1:00,0.335
2/17/2026 2:00,0.337
2/17/2026 3:00,0.338
2/17/2026 4:00,0.325
2/17/2026 5:00,0.32
2/17/2026 6:00,0.319
2/17/2026 7:00,0.313
2/17/2026 8:00,0.315
2/17/2026 9:00,0.31
2/17/2026 10:00,0.316
2/17/2026 11:00,0.318
2/17/2026 12:00,0.316
2/17/2026 13:00,0.316
2/17/2026 14:00,0.319
2/17/2026 15:00,0.315
2/17/2026 16:00,0.312
2/17/2026 17:00,0.312
2/17/2026 18:00,0.305
2/17/2026 19:00,0.31
2/17/2026 20:00,0.308
2/17/2026 21:00,0.282
2/17/2026 22:00,0.293
2/17/2026 23:00,0.295
2/18/2026 0:00,0.287
2/18/2026 1:00,0.286
2/18/2026 2:00,0.276
2/18/2026 3:00,0.268
2/18/2026 4:00,0.272
2/18/2026 5:00,0.275
2/18/2026 6:00,0.264
2/18/2026 7:00,0.256
2/18/2026 8:00,0.257
2/18/2026 9:00,0.255
2/18/2026 10:00,0.262
2/18/2026 11:00,0.272
2/18/2026 12:00,0.272
2/18/2026 13:00,0.253
2/18/2026 14:00,0.253
2/18/2026 15:00,0.264
2/18/2026 16:00,0.272
2/18/2026 17:00,0.275
2/18/2026 18:00,0.272
2/18/2026 19:00,0.27
2/18/2026 20:00,0.281
2/18/2026 21:00,0.268
2/18/2026 22:00,0.282
2/18/2026 23:00,0.277
2/19/2026 0:00,0.291
2/19/2026 1:00,0.279
2/19/2026 2:00,0.285
2/19/2026 3:00,0.275
2/19/2026 4:00,0.273
2/19/2026 5:00,0.249
2/19/2026 6:00,0.24
2/19/2026 7:00,0.233
2/19/2026 8:00,0.214
2/19/2026 9:00,0.215
2/19/2026 10:00,0.197
2/19/2026 11:00,0.204
2/19/2026 12:00,0.202
2/19/2026 13:00,0.209
2/19/2026 14:00,0.207
2/19/2026 15:00,0.216
2/19/2026 16:00,0.231
2/19/2026 17:00,0.24
2/19/2026 18:00,0.257
2/19/2026 19:00,0.273
2/19/2026 20:00,0.287
2/19/2026 21:00,0.292
2/19/2026 22:00,0.3
2/19/2026 23:00,0.308
2/20/2026 0:00,0.305
2/20/2026 1:00,0.315
2/20/2026 2:00,0.314
2/20/2026 3:00,0.299
2/20/2026 4:00,0.293
2/20/2026 5:00,0.272
2/20/2026 6:00,0.244
2/20/2026 7:00,0.229
2/20/2026 8:00,0.212
2/20/2026 9:00,0.201
2/20/2026 10:00,0.191
2/20/2026 11:00,0.194
2/20/2026 12:00,0.192
2/20/2026 13:00,0.203
2/20/2026 14:00,0.202
2/20/2026 15:00,0.219
2/20/2026 16:00,0.229
2/20/2026 17:00,0.238
2/20/2026 18:00,0.251
2/20/2026 19:00,0.273
2/20/2026 20:00,0.291
2/20/2026 21:00,0.313
2/20/2026 22:00,0.331
2/20/2026 23:00,0.36
2/21/2026 0:00,0.388
2/21/2026 1:00,0.401
2/21/2026 2:00,0.411
2/21/2026 3:00,0.434
2/21/2026 4:00,0.436
2/21/2026 5:00,0.453
2/21/2026 6:00,0.46
2/21/2026 7:00,0.482
2/21/2026 8:00,0.5
2/21/2026 9:00,0.508
2/21/2026 10:00,0.513
2/21/2026 11:00,0.535
2/21/2026 12:00,0.564
2/21/2026 13:00,0.574
2/21/2026 14:00,0.586
2/21/2026 15:00,0.591
2/21/2026 16:00,0.582
2/21/2026 17:00,0.565
2/21/2026 18:00,0.552
2/21/2026 19:00,0.532
2/21/2026 20:00,0.539
2/21/2026 21:00,0.537
2/21/2026 22:00,0.514
2/21/2026 23:00,0.496
2/22/2026 0:00,0.488
2/22/2026 1:00,0.48
2/22/2026 2:00,0.461
2/22/2026 3:00,0.448
2/22/2026 4:00,0.434
2/22/2026 5:00,0.419
2/22/2026 6:00,0.395
2/22/2026 7:00,0.391
2/22/2026 8:00,0.366
2/22/2026 9:00,0.35
2/22/2026 10:00,0.337
2/22/2026 11:00,0.328
2/22/2026 12:00,0.32
2/22/2026 13:00,0.319
2/22/2026 14:00,0.318
2/22/2026 15:00,0.326
2/22/2026 16:00,0.343
2/22/2026 17:00,0.358
2/22/2026 18:00,0.369
2/22/2026 19:00,0.373
2/22/2026 20:00,0.387
2/22/2026 21:00,0.399
2/22/2026 22:00,0.408
2/22/2026 23:00,0.419
2/23/2026 0:00,0.43
2/23/2026 1:00,0.441
2/23/2026 2:00,0.448
2/23/2026 3:00,0.457
2/23/2026 4:00,0.449
2/23/2026 5:00,0.435
2/23/2026 6:00,0.433
2/23/2026 7:00,0.418
2/23/2026 8:00,0.404
2/23/2026 9:00,0.389
2/23/2026 10:00,0.368
2/23/2026 11:00,0.355
2/23/2026 12:00,0.343
2/23/2026 13:00,0.343
2/23/2026 14:00,0.354
2/23/2026 15:00,0.359
2/23/2026 16:00,0.366
2/23/2026 17:00,0.38
2/23/2026 18:00,0.404
2/23/2026 19:00,0.428
2/23/2026 20:00,0.415
2/23/2026 21:00,0.408
2/23/2026 22:00,0.402
2/23/2026 23:00,0.393
2/24/2026 0:00,0.392
2/24/2026 1:00,0.405
2/24/2026 2:00,0.419
2/24/2026 3:00,0.428
2/24/2026 4:00,0.422
2/24/2026 5:00,0.402
2/24/2026 6:00,0.396
2/24/2026 7:00,0.38
2/24/2026 8:00,0.35
2/24/2026 9:00,0.332
2/24/2026 10:00,0.312
2/24/2026 11:00,0.293
2/24/2026 12:00,0.282
2/24/2026 13:00,0.27
2/24/2026 14:00,0.265
2/24/2026 15:00,0.255
2/24/2026 16:00,0.251
2/24/2026 17:00,0.254
2/24/2026 18:00,0.262
2/24/2026 19:00,0.272
2/24/2026 20:00,0.261
2/24/2026 21:00,0.262
2/24/2026 22:00,0.214
2/24/2026 23:00,0.246
2/25/2026 0:00,0.249
2/25/2026 1:00,0.242
2/25/2026 2:00,0.234
2/25/2026 3:00,0.229
2/25/2026 4:00,0.232
2/25/2026 5:00,0.231
2/25/2026 6:00,0.226
2/25/2026 7:00,0.224
2/25/2026 8:00,0.231
2/25/2026 9:00,0.227
2/25/2026 10:00,0.222
2/25/2026 11:00,0.215
2/25/2026 12:00,0.218
2/25/2026 13:00,0.222
2/25/2026 14:00,0.224
2/25/2026 15:00,0.231
2/25/2026 16:00,0.226
2/25/2026 17:00,0.223
2/25/2026 18:00,0.227
2/25/2026 19:00,0.238
2/25/2026 20:00,0.243
2/25/2026 21:00,0.24
2/25/2026 22:00,0.25
2/25/2026 23:00,0.245
2/26/2026 0:00,0.245
2/26/2026 1:00,0.242
2/26/2026 2:00,0.247
2/26/2026 3:00,0.262
2/26/2026 4:00,0.272
2/26/2026 5:00,0.281
2/26/2026 6:00,0.28
2/26/2026 7:00,0.287
2/26/2026 8:00,0.284
2/26/2026 9:00,0.284
2/26/2026 10:00,0.278
2/26/2026 11:00,0.275
2/26/2026 12:00,0.265
2/26/2026 13:00,0.259
2/26/2026 14:00,0.259
2/26/2026 15:00,0.246
2/26/2026 16:00,0.255
2/26/2026 17:00,0.256
2/26/2026 18:00,0.25
2/26/2026 19:00,0.247
2/26/2026 20:00,0.25
2/26/2026 21:00,0.249
2/26/2026 22:00,0.25
2/26/2026 23:00,0.257
2/27/2026 0:00,0.267
2/27/2026 1:00,0.264
2/27/2026 2:00,0.265
2/27/2026 3:00,0.254
2/27/2026 4:00,0.255
2/27/2026 5:00,0.249
2/27/2026 6:00,0.231
2/27/2026 7:00,0.223
2/27/2026 8:00,0.204
2/27/2026 9:00,0.201
2/27/2026 10:00,0.184
2/27/2026 11:00,0.176
2/27/2026 12:00,0.154
2/27/2026 13:00,0.148
2/27/2026 14:00,0.141
2/27/2026 15:00,0.14
2/27/2026 16:00,0.141
2/27/2026 17:00,0.155
2/27/2026 18:00,0.17
2/27/2026 19:00,0.179
2/27/2026 20:00,0.189
2/27/2026 21:00,0.197
2/27/2026 22:00,0.199
2/27/2026 23:00,0.198
2/28/2026 0:00,0.196
2/28/2026 1:00,0.192
2/28/2026 2:00,0.176
2/28/2026 3:00,0.177
2/28/2026 4:00,0.169
2/28/2026 5:00,0.163
2/28/2026 6:00,0.141
2/28/2026 7:00,0.134
2/28/2026 8:00,0.128
2/28/2026 9:00,0.126
2/28/2026 10:00,0.114
2/28/2026 11:00,0.109
2/28/2026 12:00,0.098
2/28/2026 13:00,0.107
2/28/2026 14:00,0.105
2/28/2026 15:00,0.119
2/28/2026 16:00,0.123
2/28/2026 17:00,0.126
2/28/2026 18:00,0.127
2/28/2026 19:00,0.136
2/28/2026 20:00,0.138
2/28/2026 21:00,0.146
2/28/2026 22:00,0.144
2/28/2026 23:00,0.22
3/1/2026 0:00,0.166
